"Organization","DynCount","FuncCount","DecCount"
"1129069366","826","1272","939"
"16348104","193","239","343"
"3N4N","36","83","205"
"54696d654a6f6c74","1","2","10"
"7cm-diameter","0","4","9"
"8lue5ky","0","8","1"
"9ziggy9","1","1","3"
aaPanel,"4","10","8"
aaronwmorris,"7","27","12"
aayushaman4,"229","182","77"
abavoil,"0","7","7"
AbdulWahab321,"4","3","1"
abhijithnraj,"0","2","4"
AbhinavAtrishi,"0","0","17"
AbhinavMV,"0","45","6"
abhinavsingh,"5","23","58"
abhishekkrthakur,"1","0","8"
abraker-osu,"0","11","12"
AbrarAlzubaidi,"0","0","7"
abriggs914,"2622","5725","2511"
abutlerboudakian,"1","7","2"
achael,"16","776","31"
achaglov,"20","35","196"
adagrad,"0","19","1"
adamchainz,"20","3","11"
addb-swstarlab,"1","31","21"
adesokandijam,"1616","2559","2343"
AdityaGarg00,"0","0","3"
adonaifariasdev,"621","1073","734"
adrianrusu16,"620","1066","796"
adrien-obrecht,"623","1079","721"
adw0rd,"7","73","13"
AE0L,"0","15","2"
Aegis100,"17","120","13"
Aevann1,"13","112","358"
afkhurana,"0","1","6"
aghlichl,"60","88","104"
agravier,"3","11","3"
ahhy3on,"1","61","15"
ahomedelnagm,"0","0","3"
AIasd,"35","481","139"
aicampkr,"6","64","31"
aidanabekova,"621","1073","735"
aidlearning,"0","7","2"
aineniamh,"2","5","1"
aio-libs,"41","116","289"
airbnb,"25","133","206"
ajbrock,"12","7","1"
ajenti,"25","62","61"
akashsengupta1997,"0","20","2"
akimich11,"0","3","4"
akoen,"0","6","6"
aladdinpersson,"1","84","2"
Alashcoder,"219","162","335"
albumentations-team,"18","116","143"
albunus,"674","1258","877"
aleasoluciones,"2","16","4"
aleju,"221","871","817"
AlessandroZ,"7","274","36"
Alexey-T,"266","400","177"
alexforencich,"84","31","22"
AlexFoxalt,"4","8","8"
AlexisGuanique,"0","0","3"
alexkyllo,"0","15","2"
alexmercerind,"0","0","13"
Alfredchong260,"1878","3725","1677"
alicevision,"32","292","77"
aligholami,"3","231","15"
alirezamika,"7","15","8"
all-eviate,"0","0","11"
allegroai,"305","725","698"
allenporter,"1","4","80"
allku,"0","1","1"
Almog12497,"0","0","1"
alphauslabs,"0","0","79"
altair-viz,"51","98","48"
alteryx,"49","1171","211"
altf4,"0","0","1"
alzed,"0","0","7"
amirDahari1,"0","6","3"
amirriazdwh,"908","1373","1025"
amogorkon,"23","94","17"
AmosChenZixuan,"0","4","2"
amperser,"0","5","181"
amzn,"31","173","157"
anandrajaram21,"3","40","4"
anatali,"503","874","724"
ancoreraj,"3","252","44"
andredelft,"0","5","4"
andreoliwa,"0","4","3"
andretgsilveira,"1605","2486","2280"
andrewthederp,"5","10","4"
AndrStp,"9","198","30"
AndydeCleyre,"3","0","3"
angr,"268","1446","1037"
AnishLohiya,"0","1","8"
ankitects,"56","298","160"
annakarolinafranz,"274","519","374"
Annaliskirwa,"0","0","7"
Anorov,"2","5","5"
AnossaTG,"38","28","60"
Anselmoo,"1","27","18"
ansible,"513","1077","751"
ansibleguy,"0","0","3"
antiboredom,"0","15","7"
antonioverdi,"274","2256","559"
antonstechde,"0","0","2"
AntreasAntoniou,"1","21","1"
anujmore137,"0","0","1"
aonopko,"3","2","7"
apache,"775","5823","3776"
aParthemer,"0","15","17"
apchenstu,"2","6","8"
apple,"130","1331","807"
APSL,"17","1","9"
aptise,"11","181","219"
aranibar28,"0","1","2"
archatas,"1","2","2"
ArchiveBox,"8","232","176"
archlinux,"34","48","27"
archont58,"0","8","2"
Arclight-V,"5340","6951","5413"
Arham4,"1256","1355","1159"
Arinkoro,"3","8","20"
arizvisa,"175","773","1259"
ArkenStorm,"1","10","4"
ARM-software,"0","14","5"
ArnaudDorval,"1945","3910","1872"
ArnavPag,"823","1285","1025"
arogozhnikov,"21","37","10"
aroman,"1","2","1"
arrow-py,"13","15","43"
artemZiliboba,"763","1140","925"
artisan-roaster-scope,"365","511","153"
asafyeshoa,"273","519","365"
ashnkumar,"0","5","11"
ashwinstr,"9","57","62"
AsnanAshfaq,"404","514","311"
AssiNET,"6","7","19"
astorfi,"0","3","3"
astro3141,"0","1","6"
astropy,"1442","1532","1958"
asugubkin,"2","0","1"
atlanhq,"2","70","17"
atmos-cloud-sim-uj,"36","69","295"
Atrocious-Mirror-Bot,"5","7","17"
Aurian-Nogues,"0","11","12"
ausikek,"0","0","1"
auto-mat,"25","131","17"
automl,"163","335","212"
autotest,"124","540","99"
avalentino,"4","7","8"
avinassh,"0","3","1"
aws,"274","1117","1886"
awslabs,"2","24","11"
axi0mX,"21","24","16"
AyazNakhudaGitHub,"0","13","2"
aymankhder,"0","1","1"
aymene98,"0","1","5"
Azerty6,"0","0","1"
Azure,"1120","2792","980"
b-ryan,"5","8","1"
bachiraoun,"22","166","27"
badook-ai,"7","9","57"
bandit145,"1","3","1"
Bangtx,"621","1066","796"
BaoNghia,"15","22","1"
baowenbo,"3","52","26"
barabarinov,"0","21","12"
bashu,"2","1","4"
basxsoftwareassociation,"119","123","30"
Baynrich,"2787","5550","3606"
bbfamily,"69","33","15"
BDDoylan,"1126","1664","1994"
bear245,"0","1","2"
Belikov-qq,"1943","4660","1557"
benchopt,"26","64","37"
BenjiBoy926,"26","25","8"
benoitc,"56","53","27"
benwatson528,"0","4","3"
berkanlafci,"0","0","21"
bethanHutt,"0","0","1"
BetOnJeanette,"6","0","4"
BhaveshTheCoder,"1746","2568","1423"
bhimeshchauhan,"0","114","11"
bhky,"0","32","1"
Bhuwan-web,"0","28","4"
bigbr4in0614,"0","3","2"
BinaryDancer,"34","170","123"
binref,"61","555","280"
biolab,"219","1469","702"
Biscaldi-Iv,"0","5","2"
bityob,"0","2","7"
bkovitz,"66","274","350"
blackjack4494,"46","660","200"
BLCM,"10","159","19"
blitzmann,"2","83","7"
bloxlink,"78","116","25"
blueardour,"27","211","23"
boatbod,"29","78","22"
bolsssh,"0","0","1"
Bosti2101,"0","6","2"
bothub-it,"0","28","16"
boto,"505","283","207"
bottlepy,"13","69","2"
bottlesdevs,"1","24","55"
BoughezalaMohamedAimen,"0","25","1"
bounswe,"0","4","3"
box,"28","87","315"
bpython,"58","92","49"
brendsupport,"1","41","3"
bridgecrewio,"19","672","177"
brightmart,"0","80","3"
broniyasinnik,"0","7","1"
brsynth,"0","3","12"
brtkev,"0","0","2"
BrunoCostaPrado,"621","1078","734"
brython-dev,"2450","3146","1509"
BudacaB,"0","5","6"
budinev,"54","130","71"
burnash,"1","36","32"
BusTree,"621","1066","796"
butzemannn,"1","1","13"
bv9306,"43","14","12"
bwoodsend,"25","42","15"
byt3bl33d3r,"41","16","10"
c-eg,"0","3","1"
C-O-M-M-A,"8","56","283"
c-proof,"5","21","5"
cabernetwork,"9","46","75"
Cadene,"1","26","1"
cal-itp,"4","32","5"
caleberi,"1","24","3"
calvinchankf,"2","176","2"
camelrush,"270","168","150"
CamilaFerrer,"271","220","376"
canatella,"0","7","5"
canonical-ols,"54","57","57"
Captain-Slippers,"822","1380","1029"
careBT,"17","0","24"
caronc,"69","195","136"
carpedkm,"0","5","3"
carpentries-incubator,"0","34","26"
caseyjohn47,"1708","2597","2713"
castillocodes,"0","2","5"
castorini,"10","179","52"
ccal2,"0","6","6"
CcgAlberta,"49","104","29"
ccrisan,"12","70","11"
CellProfiler,"115","1175","292"
centuri-engineering,"4","9","7"
Ceres445,"0","7","10"
CERNDocumentServer,"13","80","187"
chainer,"510","1673","480"
chan-bam,"0","1","11"
ChanTerelLy,"1","10","4"
chao813,"0","1","1"
Charcoal-SE,"4","18","26"
charlesreiss,"5","12","51"
chatopera,"3","89","3"
cherycal,"0","7","22"
Chia-Network,"44","455","459"
chico-moura,"0","10","11"
chimera-linux,"46","26","8"
chm24k,"617","1072","735"
choinara0,"624","982","717"
ChristianPerez34,"0","2","5"
cielak,"0","36","3"
Ciphey,"3","36","163"
civictechsweden,"0","20","7"
cjtsui,"12","111","72"
cknolla,"7","11","5"
ckoerber,"13","36","4"
cleanlab,"16","218","1"
clementchadebec,"0","169","58"
clips,"83","611","296"
clomia,"0","1","1"
cloudblue,"25","43","158"
cloudtools,"13","13","8"
cloudwithax,"2","8","23"
code-for-good-wm,"1","4","5"
codeaudio,"0","1","8"
codelucas,"4","88","76"
comic,"52","334","313"
commaai,"143","309","343"
compas-dev,"3","35","109"
ComPWA,"1","68","39"
conan-io,"239","638","865"
conda-forge,"2","38","1"
conestack,"6","41","263"
confar,"8","18","14"
ConnectBox,"59","70","29"
constverum,"1","53","19"
ContextLab,"12","4","34"
ContinualAI,"40","221","80"
coreylammie,"26","38","6"
corybell,"0","0","3"
CouchPotato,"437","610","226"
coursera-dl,"3","21","3"
covid-projections,"9","279","227"
cpatrasciuc,"2","263","94"
crealitycloud,"1","0","1"
Creator-SN,"12","33","5"
crisliavh-10,"0","0","4"
cron1s,"3","3","1"
crossjam,"1","58","6"
crowdbotics-apps,"3","1","1"
CSAILVision,"1","44","6"
csecht,"0","7","1"
csfenghan,"14","27","9"
csgn,"0","0","8"
cstsunfu,"2","6","15"
cupy,"276","676","84"
cwhy,"0","124","155"
cyberark,"13","4","78"
cypypccpy,"4","10","7"
cyrustabatab,"2","162","55"
cython,"268","708","148"
D-kn,"83","67","32"
D3KRISH,"7","61","5"
daalgi,"0","58","17"
dabeaz-course,"26","159","44"
daddycocoaman,"0","2137","301"
DamianOzdoba,"262","225","392"
damonallison,"0","19","4"
damonlynch,"24","127","77"
danielwilczak101,"43","23","61"
Danilo802,"1929","3469","3021"
Danoishere,"6","88","5"
darkwyrm,"1","4","2"
DarviL82,"0","2","12"
darwinai,"0","0","3"
dask,"437","2026","325"
DataBiosphere,"42","453","762"
databricks-academy,"0","1","2"
DataDog,"840","875","428"
DaveN53,"0","15","24"
DavHau,"0","12","2"
David-Lor,"0","0","5"
davidackerman,"1","25","4"
davidalvarezdlt,"0","3","2"
davidcawork,"0","3","3"
davidhalter,"46","686","222"
davidju4717,"1107","1453","1203"
davidsandberg,"0","54","10"
DayNice,"0","18","1"
dbader,"2","3","20"
dbca-wa,"23","71","36"
dbinetti,"3","1","11"
dceoy,"0","86","14"
dddomodossola,"96","37","259"
deacon-ralph,"0","2","12"
deanishe,"8","57","31"
debian-calibre,"16","81","23"
deepmind,"235","1358","239"
deepmipt,"62","1032","247"
deis,"12","25","6"
demisto,"87","2561","909"
DemPried,"867","1268","986"
DenyKrasH,"275","237","377"
dermatologist,"0","1","18"
derrod,"6","58","59"
desihub,"43","77","21"
determined-ai,"85","732","159"
devbored,"0","183","3"
dfint,"0","41","27"
DiAlejandroBarriosg,"1242","2146","1468"
Dianka759,"0","0","12"
dieantu,"68","113","456"
DiegoLCFelipe,"0","1","6"
Digital-Prophets,"2","3","1"
digitalec,"0","71","51"
dilannery,"0","2","1"
DiMarzioRock7,"0","4","2"
dimchat,"1","6","227"
diofant,"200","4706","1237"
Dioptas,"9","54","71"
diwu1990,"2","39","6"
django,"1406","2228","1411"
django-cms,"285","223","135"
django-extensions,"212","177","79"
django-mptt,"200","36","33"
djangsters,"1","15","7"
dkarageo,"22","80","9"
DLR-RM,"24","148","56"
dmaccarthy,"64","105","187"
DmitryBilas,"0","0","1"
dmlc,"135","1370","633"
dmyersturnbull,"23","99","226"
Dobiasd,"8","4","5"
doccano,"20","60","70"
docker,"22","110","123"
docopt,"0","1","2"
dolho,"2","0","3"
Dolikhena,"7","108","42"
domdfcoding,"28","58","75"
dominiclopez391,"0","0","1"
dominik-limbach,"3204","6623","2856"
domlysz,"94","286","150"
donakunn,"0","50","2"
dongnguyen1999,"0","2","1"
dongxuemin666,"10","44","20"
donnemartin,"289","453","427"
doongu,"0","0","1"
dpkp,"71","195","147"
Dranoxgithub,"0","12","1"
dreki,"2","0","2"
drivendataorg,"10","31","29"
drMJ,"6","5","54"
dschenck,"3","38","6"
dscorbett,"1","67","58"
dssecret,"0","1","63"
dstaltman,"0","0","6"
duck-dynasty,"3","35","24"
ductranprof99,"0","0","2"
dudejrtjdrp,"1791","2554","2569"
dulucas,"19","117","8"
dvillacis,"0","8","1"
Dvrki,"0","0","1"
dylanaraps,"3","23","13"
ebijun1007,"0","5","2"
ECCC-MSC,"12","70","1"
ed-ortizm,"0","8","2"
Ed-XCF,"0","23","1"
eda-ricercatore,"1","76","430"
edeng23,"0","21","5"
edgedb,"236","865","584"
edmund-zhao,"0","2","3"
edonghyun,"0","0","3"
edutech-groove,"7","1","7"
edx,"1087","2579","3198"
eklavyadahiya,"1","6","3"
ekzm8523,"1","63","2"
El-Mendez,"0","0","5"
elibroftw,"2","86","3"
EligaServices,"23","26","7"
elormmay,"0","0","4"
Eloston,"9","40","27"
elvish7,"27","37","10"
EmekaMomodu,"0","2","10"
emeryberger,"7","33","5"
encode,"68","356","116"
Ender2K89,"7","38","6"
Engineering-Course,"5","22","19"
enjlife,"32","112","38"
enjoy-digital,"191","1394","65"
enjoyintheheat,"0","1","4"
enzet,"0","44","33"
ephios-dev,"35","118","132"
epinna,"23","72","33"
EpistasisLab,"45","50","12"
er-knight,"0","37","1"
erelsgl,"12","260","17"
EricFH,"11","103","17"
erickcifu,"162","94","47"
ericls,"5","1","2"
eriklindernoren,"0","28","1"
eriksape,"14","6","1"
espnet,"307","1391","353"
espressif,"1","3","7"
EssayKillerBrain,"68","130","41"
ethan-wit,"0","6","13"
etianen,"7","20","10"
EticaAI,"2","4","9"
Eugene-Song,"3","6","2"
eugeniogarcia,"0","1","1"
euske,"4","47","8"
evanofslack,"0","55","5"
evhub,"35","77","144"
evilsocket,"23","7","15"
exelay,"0","0","2"
fablet,"5","14","2"
fabric,"39","40","54"
facebook,"17","56","109"
facebookarchive,"2","6","3"
facebookincubator,"35","728","483"
facebookresearch,"728","3750","1804"
FactoryBoy,"52","158","77"
FAForever,"2","17","10"
Fahad65edu,"5","7","17"
fail2ban,"99","232","145"
falconnine9,"0","17","4"
falconry,"54","151","133"
fatpat314,"867","1266","1041"
faza666,"1154","1688","1285"
Felienne,"4","32","23"
FergsCloud5,"0","2","20"
ferrocactus,"7","87","4"
FicusCarica308,"1","9","7"
Final-Team-Project,"37","127","13"
firedm,"22","215","51"
fizista,"0","4","1"
fkie-cad,"11","14","20"
flaiming,"0","0","3"
flashdagger,"10","16","3"
flask-admin,"183","161","30"
flask-restful,"19","81","2"
flatsurf,"1","30","19"
FlavioBortolan,"1","1","10"
flectra-hq,"189","4062","444"
flinteger,"0","2","2"
flipdot,"2","9","41"
Flux-Inc,"7","4","2"
fomightez,"1","34","3"
fonol,"35","263","70"
fonttools,"920","1276","196"
FooBarShebang,"11","0","10"
foreastbtch,"0","10","6"
forestagostinelli,"0","17","8"
formatc1702,"0","23","11"
fossasia,"2","26","48"
fountain-y,"89","625","94"
fpemud-os,"16","8","92"
franciscovillaescusa,"6","10","5"
frappe,"8","68","17"
FreakyDug,"8","38","24"
fregataa,"2","3","1"
freqtrade,"75","319","208"
frida,"0","52","6"
FrivolousEngineering,"13","38","59"
FSecureLABS,"10","78","73"
FTEC-6v99,"0","18","3"
fulcrum1378,"0","0","1"
fusecloud,"0","122","273"
Fyssion,"21","108","72"
galenliu,"14","17","27"
Gallopsled,"144","187","308"
GamestonkTerminal,"72","436","397"
GammaIntelligenceTraining,"1","27","7"
ganga-devs,"634","610","411"
gaoaolei,"0","0","5"
garciart,"0","1","21"
GareevaAlice,"0","4","16"
Garmelon,"2","56","49"
Garulf,"0","0","3"
garyljj,"40","133","13"
GCGImdea,"0","259","56"
gchrupala,"1","40","7"
geerlingguy,"2","0","4"
Geiright,"0","30","3"
GeneralBot-developer,"25","26","83"
geohot,"11","169","27"
georgealton,"0","4","4"
GeoscienceAustralia,"14","155","17"
Ghotome,"622","1067","796"
giampaolo,"198","185","242"
gil9red,"17","290","57"
GiliardGodoi,"0","8","1"
GimelStudio,"2","11","40"
gimhanul,"0","0","1"
GitTeaching,"0","4","2"
Giyn,"9","30","2"
gjf2a,"0","77","2"
gk-d-arana,"0","2","9"
GlacioHack,"14","71","28"
glato,"34","54","217"
gmarciani,"35","174","14"
goauthentik,"61","58","268"
gogo12235LYH,"0","28","5"
goldsmith,"22","14","18"
google,"486","6639","1127"
google-research,"9","57","34"
googleapis,"26","19","20"
GoogleCloudPlatform,"9","460","54"
gorakhargosh,"25","72","76"
gradio-app,"1","167","35"
grantjenks,"8","78","129"
graphql-python,"140","438","284"
great-expectations,"217","1011","1011"
greenbone,"0","0","28"
greenFantasy,"1","12","1"
gregbreese,"0","29","23"
Grupo6-PI,"1535","2512","2240"
guardicore,"15","194","622"
gunthercox,"27","69","12"
Gustavo-F,"0","1","1"
guywilsonjr,"0","7","9"
GXLW,"0","2","2"
gyuha,"0","0","2"
gzz2013,"622","1067","796"
h3x4d1v1n3,"668","965","735"
hack4impact,"0","2","31"
hadi-alnehlawi,"0","2","12"
hadtrindade,"1","3","18"
haesleinhuepf,"1","8","1"
Hains,"231","505","153"
haiwen,"354","373","332"
hakonmh,"4","12","4"
HaleyAllen,"0","0","10"
hanimohsen31,"0","0","6"
hankyul2,"2","15","7"
hanyuanh,"1","3","7"
haoheliu,"6","13","3"
hapiel,"0","5","2"
harrystech,"13","214","105"
haskellcamargo,"6","42","17"
hayeong-DV,"1260","1319","1246"
HazyResearch,"64","162","164"
hbstarjason2021,"1","1","1"
HDFGroup,"1","10","38"
heartexlabs,"66","113","106"
heavens420,"915","1246","1606"
HeavensExperience,"1213","1213","930"
heheheliu,"621","1066","796"
heidenrei,"0","208","26"
heijp06,"3","62","29"
HentaiOusama,"0","0","5"
Hero57Luna,"1983","3814","1927"
heuer,"4","116","1"
Hgxegz1,"0","0","4"
hhatto,"59","73","32"
hhyo,"0","6","5"
hiepbkhn,"0","225","7"
Hieucaohd,"10","11","21"
HIPS,"9","935","64"
histocartography,"49","67","72"
histolab,"8","43","53"
HJLebbink,"44","316","3"
hknaydin,"92","169","22"
hmkim199,"329","475","359"
hmmlearn,"7","8","3"
hochschule-darmstadt,"0","0","3"
HogeFinance,"1242","2186","1592"
hokuseihal,"2","17","9"
holyandy97,"0","0","13"
home-assistant,"852","3575","12873"
horovod,"82","638","122"
houtianze,"0","8","19"
hp-196,"200","445","357"
hrmtk,"0","1","3"
hse-cs-ami,"0","6","1"
HsuChihwei,"0","1","1"
htlemke,"13","118","14"
httpie,"23","88","30"
hugapi,"128","46","56"
huggingface,"1146","2756","3391"
hugsy,"9","17","13"
hungrybirder,"3","17","4"
huoyan298,"4","6","2"
HXSecurity,"0","5","3"
hydrastro,"4","7","109"
hylang,"59","84","34"
hyperopt,"35","228","82"
HypothesisWorks,"278","1184","367"
i-RIC,"30","130","9"
i2mint,"8","33","67"
iamLiquidX,"4","5","19"
iamreallykal,"0","0","6"
ianloron00,"0","16","3"
IBArbitrary,"3","18","5"
ifzhang,"31","110","11"
iggeorgiev1979,"0","315","31"
ignasrum,"1","0","6"
igorzamyslov,"0","12","5"
iinsouciant,"0","0","1"
Ikosse,"0","6","44"
Ilya-koala,"2","2","6"
imflash217,"0","14","2"
IMIO,"12","2","5"
immijimmi,"0","23","11"
import-brain,"0","4","1"
ImranRahimov1995,"0","0","1"
ImTheekshana126,"22","26","273"
Incuvers,"9","55","107"
IneshJupudy,"1194","1582","5963"
info-ruc,"0","30","7"
InhoStudios,"622","1073","733"
InnerReailty,"0","1","5"
insilications,"31","348","185"
instillai,"0","10","3"
InteligentneSystemyAutonomiczneIIS,"5","17","21"
intermine,"1","19","5"
ipc-lab,"0","2","2"
iqm-finland,"0","1","1"
iReivax1,"27","56","171"
ironsmile,"0","2","4"
isnowfy,"4","25","8"
IsraaAhmad,"1689","2550","2205"
iteamurr,"0","1","2"
iterative,"65","486","559"
ithansiyeon,"1038","2365","935"
itswcl,"0","0","11"
ivasilyev,"0","64","73"
ivre,"56","517","514"
iwsylit,"0","10","8"
jacebrowning,"1","4","4"
jackfrued,"0","25","12"
jaialarcon,"0","0","5"
jair001,"381","297","388"
james-menzies,"0","0","1"
jancajthaml-openbank,"0","24","1"
Jaquelinesa82,"0","0","3"
jareddantis,"9","15","5"
jarun,"31","49","1"
Jaseci-Labs,"222","10","6"
JasonGross,"0","0","1"
jasonwashburn,"0","0","2"
jasperproject,"8","50","48"
jazzband,"66","76","96"
jbarlow83,"20","81","141"
jbemmel,"14","34","70"
jbogaardt,"18","34","11"
jbold569,"3","3","2"
JBorchelli,"0","6","241"
jcjohnson,"0","0","2"
jcnazareno18,"146","109","50"
jconstancio,"262","218","371"
jdbalantar,"0","6","2"
jdvelasq,"0","249","5"
jedi-gg,"5","3","3"
jediwirr,"158","120","77"
jeffharwell,"0","74","9"
jeffreykirchner,"3","50","46"
jelambrar96,"0","0","2"
jesse-c,"3","18","5"
Jetsurf,"1","22","8"
jgci2000,"0","8","13"
Jgoschke86,"8","73","88"
jhliu17,"2","8","45"
jiaaro,"4","27","37"
jihun-yoon,"3","4","5"
Jimut123,"0","9","6"
jina-ai,"231","662","511"
jindongwang,"12","124","15"
jisaacks,"4","51","14"
jkpr,"0","19","5"
jldj1,"0","0","17"
Jlukka,"0","2","1"
jmura84,"618","1075","723"
jnj,"1","12","20"
joankirui,"966","1462","1175"
joaocarlos-losfe,"0","0","28"
joared,"0","30","1"
joelgrus,"4","596","1"
jofpin,"21","8","10"
jofurdz,"0","5","20"
johann-su,"0","6","1"
john-itcsolutions,"0","0","12"
JohnBarton27,"0","0","29"
JohnPaul-Londono,"0","0","3"
johschmitz,"0","6","8"
JonathanCasey,"5","78","33"
jonhealy1,"0","0","1"
jopohl,"101","400","669"
jorisschellekens,"8","542","56"
JoshChangGit,"0","0","1"
jotate70,"12","92","9"
jouleSoft,"3","18","5"
jpadilla,"6","4","74"
jquetzalcoatl,"0","4","2"
jrduncan1,"0","0","9"
jrnl-org,"42","55","58"
jsleeg98,"32","92","13"
json1c,"0","16","5"
Jtang-1,"0","0","4"
juan45202,"826","1288","1026"
JuanFariasGit,"0","1","1"
juanique,"0","1","4"
Jugendhackt,"0","3","1"
juhuio2003,"3","113","3"
jujutsunanami,"4","11","1"
julianramirezch,"1","11","10"
jumpserver,"87","90","298"
JunMa11,"2","31","3"
jupyter,"0","7","31"
jupyter-naas,"2","5","27"
jupyterhub,"81","183","173"
Just-Jojo,"21","36","15"
just1ngray,"18","138","26"
Justin-Sawyer,"323","360","570"
justinrubek,"0","2","6"
justpwned,"0","1","2"
jwyang,"6","110","10"
jyoonab,"20","17","13"
k1995,"0","3","3"
ka-zu-ki,"0","51","1"
kaal0408,"10","19","214"
kadalu,"7","13","23"
Kaggle,"53","62","57"
KAIDO0121,"0","0","12"
kangxiatao,"0","4","13"
Kanin,"0","4","13"
Karaage-Cluster,"56","31","170"
karpathy,"0","4","12"
Karuka3,"0","0","1"
KawamitsuGo,"682","594","686"
kayoyin,"2","14","18"
keiqu,"0","15","26"
keithito,"1","25","13"
kekevi,"826","1288","1026"
KennedyProject,"0","0","3"
keras-rl,"28","50","28"
keras-team,"518","1666","594"
kettroni,"0","2","6"
kevin218,"68","53","7"
kevinfjiang,"9","10","16"
kevinheavey,"0","47","40"
kewablay,"0","2","4"
keyu-tian,"6","39","3"
khan-asfi-reza,"0","2","8"
kheybar,"0","0","16"
khiner,"1","50","23"
khoivan88,"0","24","4"
Kicshikxo,"0","0","7"
killer415tv,"3","41","6"
kingraphaii,"1","7","3"
Kinto,"48","177","163"
KiralyTamas,"0","24","45"
kiriharu,"1","0","4"
kiselas,"0","2","2"
KitDaCatsun,"6","13","10"
kittsville,"0","2","6"
kittydepa,"624","982","717"
kivy,"50","95","87"
kjaffel,"28","480","9"
kjjose00,"0","0","3"
KKKSQJ,"28","119","24"
kkristof200,"0","18","8"
kkroening,"1","29","18"
klgentle,"0","35","4"
klmcwhirter,"0","58","3"
klomery,"3","113","3"
knight2217,"1529","1697","1476"
knights-who-say-c,"0","2","5"
Kollbii,"0","7","13"
kollerlukas,"0","15","6"
KovalovV,"2","7","6"
kovidgoyal,"2432","4111","1506"
Kozea,"64","196","48"
krentzd,"14","72","71"
kreyoo,"4","3","14"
krhubbard2,"0","0","1"
krishnaglodha,"625","966","693"
krompert,"0","20","1"
kronusdev,"1","153","323"
krzysztof-grzegrzulka,"621","1073","734"
ktbyers,"7","29","26"
Kuba-Wroblewski,"0","0","1"
kubeflow,"232","257","291"
kubernetes-client,"2551","1278","2738"
kukiamarilla,"0","0","15"
kusgent,"0","5","2"
kwlee0220,"1","38","78"
KyperCT,"0","1","1"
kz26,"12","13","46"
lablup,"11","111","311"
Lainshower,"585","905","701"
lalrochhara,"40","42","243"
lamiaah,"7","50","1"
lancopku,"1","4","6"
lanpa,"17","78","39"
lar-mo,"0","0","3"
larajorge11,"0","0","2"
laramies,"0","76","41"
lars-frogner,"1","41","1"
Lasagne,"47","136","2"
latticesurgery-com,"2","35","34"
LaVita-GmbH,"32","23","17"
layday,"5","148","76"
lazyprogrammer,"2","365","13"
lbryio,"72","716","780"
lcls-psana,"13","108","17"
learningequality,"239","496","347"
LEGEND-LX,"6","72","13"
Leif753,"0","2","4"
LeighCurran,"0","0","5"
Leo-Flores,"0","0","3"
LeoCx1000,"15","49","2"
LetTheWorldGoos,"0","1","2"
lexicalunit,"47","88","81"
lexuansanh,"7","33","8"
lexyh,"0","1","4"
lhotse-speech,"3","398","227"
lhuaynalaya,"0","1","4"
Lihsayuri,"246","143","118"
LimeOnTop,"197","174","63"
Linhatran,"3259","8064","4028"
linz,"1","3","7"
Linzaer,"10","55","5"
liqd,"98","94","165"
lisa-606,"7","14","74"
lisa-lab,"0","88","1"
liskin,"2","20","19"
litex-hub,"9","22","1"
LittleVaaty,"0","0","1"
lngsv,"0","5","4"
localstack,"113","538","354"
log2timeline,"324","184","284"
loganbvh,"7","54","23"
Lonero-Team,"22","194","205"
longld,"23","8","15"
losjeu,"3","113","3"
Loupehope,"0","0","3"
lsst-sqre,"0","3","2"
lucabaldini,"0","0","5"
lucasfbn,"0","5","1"
lucidrains,"2","40","3"
Lucky3337,"2","3","1"
ludeeus,"0","2","12"
ludwig-ai,"25","405","597"
LuisAlvarez123,"323","290","279"
luisxgarcia,"10","19","214"
luizribeiro,"0","8","3"
lukemelas,"1","19","10"
lukka12,"0","0","5"
luku756,"133","80","22"
lululxvi,"13","137","44"
Luos-io,"2","10","78"
Lupercio421,"1886","3091","2226"
lutris,"40","196","290"
luxonis,"14","57","12"
lxuanhui,"1484","2012","1306"
ly4k,"0","16","19"
lyst,"1","28","1"
lzacchi,"0","0","1"
m-fidalgo,"1","0","8"
M0nster92,"805","910","1004"
m485liuw,"929","5365","1791"
macielf1994,"346","278","309"
madchick,"0","2","10"
madmaze,"1","20","4"
maekke,"1","0","2"
MaiHon,"15","40","1"
mailpile,"81","854","122"
malwaredllc,"178","194","26"
manhhv87,"0","28","1"
ManimCommunity,"139","560","240"
ManimEditorProject,"2","4","1"
manuel3265,"0","12","41"
manuelcortez,"230","53","7"
Map9646,"0","0","2038"
MarcAntoineAlex,"1","32","2"
marcua,"0","18","8"
mariadb-corporation,"1","0","3"
markctm,"1","6","5"
MarketSquare,"4","36","46"
marksun2020,"1292","1915","1750"
marshmallow-code,"48","137","50"
marzique,"0","0","7"
MatAfan,"622","1067","796"
matchpointer,"2","155","40"
matfarb,"0","0","4"
MathesFGremes,"0","52","1"
maticardenas,"0","2","8"
matieo33,"769","1203","849"
matrix-org,"136","1330","527"
matthewivezaj73,"1696","1848","1509"
MatthiasValvekens,"23","56","29"
Maua-Dev,"0","23","29"
maurosoria,"204","263","272"
max-moser,"7","6","22"
MC-kit,"0","11","8"
mcbeet,"8","71","67"
mcgillij,"0","1","4"
MCV-2021-M1-Project,"0","43","16"
mdbloice,"1","30","17"
MdSuhaibSafwan,"0","0","4"
meanmedianmoge,"1","33","19"
meerk40t,"14","44","49"
MegaIng,"1","29","14"
Megvii-BaseDetection,"21","76","18"
mementum,"345","194","58"
meongbaeksu,"2","65","1"
merlijntishauser,"0","0","3"
mesmart34,"0","2","2"
mher,"17","58","16"
mholtrop,"49","82","17"
mhostetter,"52","187","171"
michael-lazar,"66","63","122"
michaelobi99,"572","868","636"
microsoft,"467","1747","615"
midigi,"1","7","16"
miguelgrinberg,"0","8","29"
Mihelson-Margo,"0","51","14"
Mikaspe,"2","1","3"
mikelaud,"0","8","208"
mikitron,"0","7","10"
milesial,"0","1","2"
MingchaoZhu,"0","0","2"
Mini-Exploit,"21","24","16"
mininet,"30","92","53"
mir-group,"107","7","94"
Miserlou,"18","39","34"
missachu108,"5","7","24"
mizolotu,"1","37","2"
mkdocs,"7","56","23"
mksa1,"8","17","11"
mlco2,"4","64","105"
mlflow,"133","1066","560"
mobolic,"2","3","1"
modin-project,"240","1371","529"
mohaksehgal,"623","1078","722"
mohamedbougarn,"638","1716","312"
Mohammed785,"1","12","81"
Mokkuman,"32","112","87"
molssi-seamm,"12","12","11"
momanrazainvozone,"902","1425","1175"
monash-emu,"12","580","30"
mondeja,"3","7","1"
montarion,"15","6","1"
mooz,"6","40","12"
mopeyjellyfish,"9","6","13"
mopidy,"34","97","18"
Morizeyao,"0","8","4"
MorvanZhou,"9","68","7"
mostwelcome,"0","29","14"
motokubo,"0","9","8"
mozilla,"30","85","71"
mozman,"64","809","754"
mph-,"57","145","755"
mps-youtube,"9","87","8"
mrcepid-rap,"0","1","4"
mrismanaziz,"7","53","16"
MrMechanics,"32","26","6"
mrR2D2,"2","14","1"
MrS0m30n3,"2","15","5"
MrTeale,"12","0","9"
msbetsy,"1","19","50"
msiemens,"4","32","7"
mstamy2,"13","76","2"
mtitze,"5","46","1"
Mugambi645,"1","0","9"
MuhammadZain795,"1387","1543","1362"
muhdharun,"1","4","10"
muyun,"1","126","3"
MVIG-SJTU,"18","194","68"
mvt-project,"0","26","7"
mwaskom,"67","315","109"
mwouts,"4","91","95"
my8100,"17","62","16"
n1nj4sec,"167","319","192"
namespace-Pt,"56","64","9"
NancyWachiuri,"286","210","127"
naomi-choy,"21","81","11"
NarminSH,"0","1","4"
nautobot,"235","293","372"
naxit-01,"0","0","5"
nbedos,"1","27","5"
NeCTAR-RC,"13","37","7"
nedbat,"98","176","23"
neptula,"15","7","1"
NervanaSystems,"89","551","166"
netbox-community,"238","240","314"
Netflix,"161","505","429"
neural-electrophysiology-tool-team,"9","59","9"
neuralaudio,"0","42","27"
neuroevolution-ai,"16","32","64"
Newbeeer,"0","73","9"
newsapps,"2","59","1"
newsrevenuehub,"14","45","22"
nextcloud,"8","65","6"
ngageoint,"0","4","3"
Niangmodou,"2222","3411","3022"
nicholasjng,"10","54","14"
nickkane999,"0","4","6"
NicolasHug,"10","96","7"
night-project,"0","2","1"
nikett,"0","31","10"
nikhilgoyal104,"0","132","6"
NiklasHoltmeyer,"0","244","48"
nimadorostkar,"2033","2458","2042"
nitbharambe,"3","51","10"
NJSim,"1","1","4"
NLAnalytics,"3","46","44"
NLGithubWP,"0","15","3"
NLP-Suite,"2","493","11"
nodejs,"29","223","2"
normen,"3","33","3"
noseglasses,"25","30","14"
nostrumbiodiscovery,"11","183","52"
NotLatif,"1","0","1"
nov5112021,"509","936","684"
NOVA-IX,"621","1067","796"
novakov-alexey,"1","19","7"
novareto,"1","0","3"
now8-org,"0","2","32"
nrodrigues64,"0","4","13"
nrser,"20","39","27"
nthaberl,"0","0","7"
nthparty,"0","0","8"
nublado-language-exchange,"1","5","5"
Nuitka,"572","1655","1329"
NullArray,"0","0","1"
numba,"597","1940","2426"
numenta,"93","301","171"
numpy,"569","1894","227"
Nur-ayn,"0","43","5"
nvbn,"14","136","191"
NVIDIA,"189","443","132"
NVlabs,"43","278","69"
NYU-DevOps-Inventory,"1","6","15"
oakdoor,"0","43","94"
OctoPrint,"174","614","390"
ocvcoin,"16","59","11"
oe-alliance,"137","641","99"
Ogabek1510,"4","1","2"
OGGM,"17","30","30"
OGKG,"0","78","24"
OlafenwaMoses,"0","67","2"
OlegGlo,"74","88","60"
omallo,"0","43","6"
omfsakib,"143","107","57"
onionshare,"9","48","21"
onnx,"223","409","55"
ONSdigital,"1","6","1"
open-contracting,"37","264","88"
open-mmlab,"85","243","56"
openai,"83","704","144"
OpenConceptLab,"30","86","297"
opencybersecurityalliance,"28","60","203"
openembedded,"0","0","2"
openergy,"6","112","35"
OpenMDAO,"6","220","157"
OpenMined,"305","290","667"
OpenPLi,"53","130","71"
openrazer,"95","53","99"
OpenRobot-Packages,"1","9","2"
openshift,"18","189","195"
OpenShot,"39","78","6"
openstack,"4","44","149"
openSUSE,"20","81","39"
openZH,"3","9","5"
opnfv,"26","60","78"
oppia,"93","1383","1330"
optuna,"64","781","256"
oriash93,"0","4","1"
oscarpimentel,"10","48","2"
OSInside,"0","3","44"
osk2,"0","38","148"
osmr,"961","1908","158"
otvernites,"16","2","2"
OUCMachineLearning,"18","62","3"
Ouranosinc,"63","126","135"
oVirt,"267","1180","1900"
owid,"0","233","54"
ox-it,"10","53","43"
p-e-w,"0","39","3"
P403n1x87,"23","8","15"
pablocalderon9408,"0","0","4"
PacketSurf,"0","20","14"
PaddlePaddle,"506","2674","1146"
pajbot,"27","212","255"
palantir,"2","66","70"
pallets,"190","419","333"
pandas-dev,"1839","3889","1753"
PaneraPOSpreference,"621","1073","734"
pantsbuild,"66","688","1408"
parada3desu,"0","3","30"
paramiko,"39","55","78"
parishwolfe,"0","2","2"
ParkJiSu28,"353","524","348"
parksj0923,"2847","6088","2533"
pass-culture,"87","572","463"
pawl1973,"0","3","4"
pci-dev,"0","3","3"
pdpipe,"15","82","12"
pedroacvieira,"0","1","5"
peering-manager,"101","50","92"
Pejuang-PBP,"2","0","4"
pennersr,"64","46","116"
Pericles001,"659","1134","817"
PerryPhan,"0","7","5"
PetarJovancic,"10","0","7"
peterept,"0","2","5"
petergridge,"6","0","9"
petermr,"0","13","6"
peternader98,"1847","3603","1809"
peterwade153,"0","2","1"
pgiteam,"5","442","54"
pham-cong-nguyen,"0","0","2"
PhamTruongUit,"3","105","10"
phenix-project,"2","1","5"
philippe-ostiguy,"0","1","6"
phillmac,"0","48","15"
PhotoFilmStrip,"8","31","47"
PierreSylvain,"2","0","6"
pietercdevries,"2","21","4"
Pietracoops,"0","4","3"
PINTO0309,"6","633","5"
pitat1,"3","7","3"
pjialin,"0","0","7"
pKrime,"11","58","2"
pkwoo9348,"0","0","6"
Pl4tt,"0","5","1"
platformio,"17","244","217"
playpauseandstop,"13","22","23"
pliang279,"16","352","90"
pogyuh,"3","113","3"
PokeAPI,"1","156","141"
polyu18046521d,"0","0","7"
POO2021-02-UNALMED,"0","0","1"
poof-backup,"0","0","9"
portfolioplus,"1","29","3"
powerline,"86","204","199"
ppetrou,"0","0","2"
Praneethvvs,"0","16","4"
prasant747,"1413","1562","1425"
pre-commit,"8","116","26"
PrefectHQ,"147","660","348"
premkumarcode,"0","13","21"
PricePaper,"5","407","4"
princeton-nlp,"547","1384","1771"
ProgrammingLeader,"32","113","13"
proj-int01,"1783","2724","2375"
project-ecc,"0","0","2"
Project-MONAI,"80","670","140"
projscld,"1","3","1"
prompt-toolkit,"26","407","287"
prpereiras89,"0","1","1"
przemyslawzmuda,"0","1","14"
pssolanki111,"0","11","71"
pudo,"9","60","49"
puppetsw,"0","0","4"
purseclab,"624","972","740"
pwndbg,"24","102","134"
pybamm-team,"5","8","1"
pyca,"30","544","143"
pycontribs,"65","44","50"
Pycord-Development,"163","272","637"
PyCQA,"1","28","8"
pyecharts,"8","61","3"
pyeve,"51","121","63"
pyg-team,"101","524","277"
PyGithub,"8","334","1023"
pyinstaller,"121","185","60"
pyiron,"38","172","310"
pyload,"87","291","256"
pymc-devs,"180","548","288"
pymor,"140","622","249"
PyMySQL,"13","26","4"
pyodide,"32","73","32"
pypa,"1542","2530","2347"
pyro-ppl,"204","888","459"
pyserial,"54","44","59"
PySimpleGUI,"13","260","10"
pytest-dev,"267","386","273"
python,"3570","6359","3194"
python-gitlab,"51","144","19"
Python-Markdown,"8","19","6"
python-pillow,"104","174","43"
python-telegram-bot,"197","200","238"
python-trio,"3","7","4"
pythonarcade,"30","262","238"
pythonguis,"17","43","3"
PythonZero,"2","7","13"
pytorch,"142","856","190"
PyTorchLightning,"427","758","1175"
pytube,"5","48","82"
pywebio,"3","52","3"
pywinauto,"73","141","158"
qhuy4119,"0","20","54"
qjkconsultants,"0","2","1"
qmpham,"10","304","80"
QPDFium,"34","413","215"
QUANTAXIS,"3","9","19"
quantumlib,"204","2973","682"
qutebrowser,"125","805","71"
r-anime,"6","40","37"
R0bertWell,"236","203","349"
r0x0r,"19","36","47"
ra7kar,"1","18","4"
raaamonnn,"1280","1847","1566"
Rabbid76,"0","179","6"
ranaroussi,"0","4","23"
raogsm7,"3","41","2"
raphael-khan,"0","0","24"
Rapptz,"136","242","592"
RaRe-Technologies,"98","585","75"
RasaHQ,"52","1063","811"
ray-project,"14","167","52"
rbaltrusch,"0","8","13"
rbgirshick,"1","9","18"
rdfsx,"3","1","6"
RDOGS-Friendz,"0","18","31"
react-native-skia,"41","586","202"
readthedocs,"107","203","180"
realZyxxy,"6","158","15"
ReanGD,"1","7","5"
reblocke,"3857","9156","4113"
RedHatQE,"53","99","178"
redkyn,"7","27","70"
ReFirmLabs,"31","16","2"
reflexivesecurity,"0","0","1"
regunakyle,"1","2","5"
RelationalAI,"0","9","9"
rembo10,"612","919","401"
RemGo95,"6","25","30"
renasami,"488","416","649"
reo-dev,"730","667","696"
rero,"4","216","146"
RetiredWizard,"2","7","19"
rexy09,"0","0","1"
rgc99,"0","11","115"
rhfphp,"2","0","18"
RhinoSecurityLabs,"25","61","2"
riadd188,"55","28","82"
ricklan,"1031","1272","965"
Rikorose,"5","31","2"
Rishabhbot,"0","0","5"
RitaRamo,"19","391","42"
RJ-SMTR,"2","76","59"
rj175,"31","92","464"
rjdbcm,"254","608","263"
RLBot,"174","335","227"
RobertLucey,"12","109","114"
robinhood,"77","381","293"
robocorp,"214","609","754"
robotframework,"234","617","499"
robust-design-stack,"6","55","30"
rogeriodelphi,"0","0","21"
rogozin-ivan,"1","0","2"
RomualdRousseau,"1649","2329","1855"
RonnyPfannschmidt,"13","21","2"
ros,"2","33","1"
roslovets,"0","1","13"
Rovna99,"1","31","2"
rq,"36","129","101"
rrigato,"0","0","7"
rsms,"2","72","1"
rszamszur,"8","13","3"
rtqichen,"3","58","10"
rushter,"2","35","16"
russellballestrini,"0","0","2"
rutherford-nj,"0","0","15"
Rutuja-Kale-CYSE6225,"0","2","4"
ryanckhung,"747","1339","1038"
Ryomen-Sukuna,"23","51","312"
s-aga-r,"0","1","25"
S-Hightower,"0","0","7"
S-HuaBomb,"1","20","2"
S1riyS,"0","8","10"
S780821,"0","0","5"
sabnzbd,"32","118","67"
sahahn,"13","40","2"
saidulislam,"1","61","30"
sailfishos-mirror,"3373","5228","2666"
SaiMuraliV,"0","0","2"
salazar-brodart,"69","64","24"
saltstack,"1385","4012","1736"
samjarrett,"3","6","2"
samshadwell,"2","0","22"
Samsung,"34","65","69"
samtoya,"0","0","8"
samudra-ajri,"0","19","3"
samuelcolvin,"98","312","348"
samuelparkin1,"0","1","1"
sanghyunbak,"11","12","32"
Saratoga-CV6,"1","17","93"
sassoon4126,"1766","6270","6146"
SasView,"179","293","73"
saul-rocha,"1","0","8"
saulpw,"121","403","154"
sbl1996,"38","443","79"
schlinux,"473","822","673"
scikit-image,"73","394","132"
scikit-learn,"895","1322","424"
scikit-learn-contrib,"61","90","39"
scipy,"571","1994","351"
Scr44gr,"0","3","1"
scrapinghub,"172","273","211"
scullen99,"1","0","14"
sdispater,"23","118","81"
searxng,"74","133","39"
seatgeek,"0","11","1"
sebastian-apps,"0","3","1"
sebastian-sz,"0","7","4"
secdev,"253","3051","349"
SecureAuthCorp,"132","154","199"
sed-cloud,"0","1","1"
SerhiySlisenko,"0","1","11"
SerpentAI,"8","51","86"
SERVIR-WA,"0","21","6"
seungku-dev,"0","14","2"
sfkleach,"1","37","8"
sg92468,"0","14","2"
sgelias,"1","31","24"
shadow-island,"51","95","95"
shadowsocksr-backup,"20","12","2"
ShahAnuj2610,"3","94","29"
shanglianlm0525,"70","386","70"
shawnkoh,"0","2","23"
shenhongkai,"1374","3081","1245"
shidenggui,"0","0","14"
shiratori3,"1","11","9"
shiwabot,"5","53","6"
shooter-squad,"8","54","11"
short-greg,"0","23","145"
Shougo,"17","47","11"
shukurenaibotcreate,"42","102","244"
SickChill,"209","367","364"
Silectron,"0","3","14"
Silicon1602,"0","41","8"
simonparkis,"22","63","121"
SimonWDC,"0","0","3"
Sinan-M-116,"109","178","98"
skalenetwork,"1","86","75"
skorokithakis,"0","13","29"
skyg547,"99","207","293"
Skyzu,"2","52","3"
SLAC-ML,"2","30","41"
SlimaineB,"81","54","16"
sloria,"6","78","43"
slott56,"0","145","50"
smacke,"13","26","11"
small-moran,"621","1069","798"
SmartcitySantiagoChile,"1","2","8"
smartmohanx,"0","1","3"
smicallef,"8","48","33"
snorkel-team,"9","100","18"
snowwayne1231,"2","29","5"
Softcatala,"2","9","12"
sokolovstas,"7","5","13"
sokrypton,"0","168","16"
SondreWold,"0","23","2"
sopel-irc,"329","112","42"
sortifyV2,"2","12","77"
sourab6058,"0","0","4"
sourceplusplus,"5","7","5"
soxoj,"1","60","19"
spaceone-dev,"0","0","22"
spaceshiptrip,"906","1324","1067"
spack,"13","44","28"
Sparky4567,"3641","16251","16583"
spectacles-ci,"8","55","28"
spedas,"4","116","15"
SpiderClub,"1","58","60"
spiral-project,"13","61","19"
spotDL,"1","36","18"
spulec,"207","2375","6731"
spyder-ide,"271","1231","280"
sqlalchemy,"1068","3408","3224"
sqlfluff,"24","298","270"
Squirrel-Network,"0","11","4"
sralloza,"0","1","1"
ssalogel,"5","58","20"
sshuttle,"12","35","14"
stagedml,"18","114","24"
StagPython,"2","34","62"
stamparm,"58","22","2"
stanfordnlp,"44","611","125"
stas12312,"9","10","11"
statsmodels,"829","1615","1827"
steffkes,"0","6","2"
sth,"4","18","5"
StoianBodurov,"0","114","64"
streamlink,"69","483","323"
struemya,"29","117","97"
Subham0207,"0","0","1"
SublimeCodeIntel,"9","2","10"
sudeepdino008,"0","0","3"
sugdove,"0","3","3"
sunminghui81,"13","16","35"
SuperTLP,"0","1","1"
SupImDos,"0","0","1"
surfedushare,"11","153","157"
SWang848,"13","93","15"
SymphoniaLauren,"6","130","2"
sympy,"844","10965","3851"
SzuminskyAJ,"478","851","730"
Taapat,"9","37","11"
taciogt,"0","0","5"
taigaio,"364","882","85"
taitaifiss,"3","113","3"
tanaylab,"94","66","8"
tangxyw,"0","0","3"
TanLinh15,"621","1073","734"
tanujajoshi1,"0","0","6"
tarngaina,"0","9","2"
Tatersic,"2","6","7"
Tautulli,"966","1571","936"
tconbeer,"0","78","59"
Teahouse-Studios,"3","31","60"
Team-CyberHawk,"12","112","12"
Team-Lisa,"0","0","18"
TeamFussion,"12","110","7"
Tencent,"11","40","19"
tensorflow,"581","5181","2793"
tensorlayer,"20","226","172"
tensorpack,"55","534","234"
tesbot07,"0","0","5"
tesSer16,"0","85","1"
tetsuo13,"0","0","9"
tgalal,"8","95","322"
thank243,"0","0","1"
thantzan212,"0","0","3"
ThaoTon910,"1","15","39"
The-4th-Hokage,"9","63","29"
the-paperless-project,"7","30","46"
the0demiurge,"22","24","2"
TheAlgorithms,"4","602","62"
Theano,"788","2599","534"
TheGeneralistProgrammer,"0","14","1"
thehyperbit,"445","419","412"
TheIanCannon,"0","0","6"
TheJoeSmo,"24","53","110"
themixray,"1","2","14"
theOehrly,"11","27","21"
TheOksigen,"3","41","3"
theresekoch,"3","10","1"
Thermondo,"0","12","1"
TheSun2107,"1772","2829","2759"
thetruehunk,"0","57","2"
thevickypedia,"0","11","10"
thibaudcolas,"170","314","129"
thillRobot,"14","342","120"
thomas-young-2013,"13","260","39"
thomasWeise,"20","113","58"
thomaszub,"0","7","6"
thraxil,"0","33","1"
thtrieu,"0","41","5"
thumbor,"49","30","273"
THUNDER543652,"0","0","8"
tiangolo,"43","41","37"
tickspread,"8","78","44"
tildabarth,"0","0","3"
time-track-tool,"62","88","4"
timgrossmann,"6","46","6"
timjstewart,"0","8","3"
tinylambda,"135","549","240"
tippingpointuk,"274","519","365"
tj-django,"8","3","25"
TJPain,"211","148","256"
tlamadon,"0","24","1"
TLYu0419,"1230","1839","1600"
tndd,"0","6","6"
tobymao,"6","110","25"
tomglvng,"0","0","2"
tomol111,"0","17","24"
TomSchimansky,"0","0","12"
toonsegers,"0","159","10"
tosh2230,"0","10","6"
tracim,"20","288","626"
TrAInConnectionPrediction,"2","58","59"
Trayan7,"1","267","31"
trekhleb,"0","17","3"
trezor,"58","879","474"
TRG-BUILD,"7","8","7"
Tribler,"63","746","413"
tryolabs,"8","76","23"
tschellenbach,"38","63","132"
TshepzMogapi,"0","5","3"
tsnellgrove,"18","5","58"
tthogho1,"0","2","1"
ttp55,"4","50","6"
tubone24,"0","1","1"
tukaan,"9","15","122"
tutorcruncher,"0","1","1"
tweepy,"49","13","21"
twintproject,"4","7","1"
twisted,"677","1883","388"
twsswt,"6","7","17"
typeshed-internal,"0","7","2"
tzpBingo,"26","76","213"
UAlbertaALTLab,"1","34","21"
UBC-Recreation-Intramurals,"0","3","7"
uber,"8","125","26"
Uberi,"11","2","3"
ubuntu,"7","22","30"
uclouvain,"32","79","202"
udayRage,"0","551","778"
uds-se,"438","1191","530"
uedaeita,"1","2","4"
uf3,"0","98","37"
ufal,"4","32","7"
ufoym,"1","10","3"
uio-bmi,"104","701","631"
uktrade,"26","353","111"
Ulauncher,"10","76","55"
ultralytics,"53","168","23"
umairkarel,"0","7","2"
umarcor,"1","10","11"
UNEPG,"4","0","12"
unikraft,"7","21","176"
unit8co,"19","163","205"
Unpublished,"0","2","2"
upb-lea,"30","148","1"
UQComputingSociety,"0","43","43"
USArmyResearchLab,"6","29","23"
useblocks,"65","65","13"
userbotindo,"16","11","70"
UST-QuAntiL,"2","2","3"
uthillai,"0","2","1"
utoxin,"3","8","37"
uvadlc,"0","7","1"
uw-it-aca,"50","18","81"
v-v-d,"0","2","1"
vaexio,"262","1092","595"
vanirio,"0","0","2"
vansin,"123","796","117"
VergeDX,"0","8","1"
vibhor3081,"621","1066","796"
vibora-io,"7","65","48"
victfuentess,"1271","1551","1098"
VictorTao1998,"2","79","10"
vietng322611,"4102","5651","3420"
Vijaychandra-7781,"0","15","4"
vinayak-mehta,"3","7","29"
VinaySi2705,"355","297","403"
Vincentzyx,"0","45","5"
viraajpunia,"0","5","11"
virgilwjj,"59","49","8"
Virusxxxxxxx,"25","61","20"
visym,"28","941","23"
vitroid,"1","65","76"
vivekvenkris,"1","22","31"
vkbottle,"2","4","50"
VocalTrance,"1","26","20"
vohuy1894,"624","982","717"
voicegain,"1493","753","1399"
volatilityfoundation,"85","1503","232"
vschmidt91,"29","258","416"
vvanglro,"0","0","2"
VyacheslavHalpukov,"0","0","1"
vyos,"6","177","49"
wagtail,"413","850","408"
walkerever,"1","34","4"
WalleDong,"1","0","2"
wanasit,"0","5","37"
wandb,"254","1243","776"
wangcaihua,"0","1","4"
WaruiAlfred,"0","0","1"
wasndas,"6","12","4"
waterbear-cloud,"93","20","118"
wbond,"177","107","272"
wbt5,"0","0","28"
web-deving,"0","0","1"
webs397,"36","106","96"
wellslu,"0","4","2"
weskerfoot,"1","11","1"
wesleyshen070,"262","218","371"
WetTortoise,"0","0","1"
WEVI0Z,"329","475","359"
wevote,"258","28","464"
wfondrie,"0","19","26"
what-ewer,"0","26","4"
whitfieldsdad,"2","30","11"
whvixd,"0","1","1"
Willdeakin,"0","0","8"
willhug,"0","1","1"
willieuam,"0","4","2"
willmcgugan,"25","149","83"
WillShardlow,"0","11","8"
windddkz,"58","53","166"
WIPACrepo,"3","12","14"
wireservice,"19","23","4"
wistbean,"1514","3251","1427"
WithPrecedent,"38","74","80"
wkbroxton,"0","0","6"
wkentaro,"8","24","8"
wmc1205,"258","172","103"
wookayin,"1","17","18"
woonys,"908","1512","1488"
woozi1122,"32","111","13"
worfomatik,"231","116","102"
WSWSCSJ,"0","2","5"
wtforms,"39","36","17"
ww-rm,"0","3","2"
wwvb-observatory,"0","0","2"
wxj77,"5","191","26"
wylu,"1","18","6"
wzpan,"0","19","2"
xabatplaza,"448","485","527"
xabery1931,"3","113","3"
xgebi,"0","88","97"
xiaofengShi,"1","21","9"
xingyizhou,"20","76","9"
xinli2,"680","962","459"
xmendez,"9","115","109"
xmu-xiaoma666,"0","7","3"
xonsh,"309","605","394"
xu001186,"0","1","2"
xuganyu96,"0","6","22"
xuzhuojie1,"0","6","7"
xxxzoro,"37","65","171"
yagomichalak,"5","83","25"
yakMM,"7","15","175"
yakravets,"0","0","11"
yandex,"6","38","23"
yangyubuaa,"65","70","555"
yannis971,"0","0","5"
yanzhenxing123,"0","6","2"
yasdf007,"0","3","1"
yashrathi-git,"0","2","42"
yaswanthsaivendra,"0","0","1"
yeeeshuan,"621","1066","796"
YejinHwang-D,"27","2","1"
Yelp,"7","93","12"
yennanliu,"8","844","5"
yetao0806,"5","66","4"
yhagiwara346,"0","0","25"
yinhaoyun,"0","83","12"
YohannL,"0","4","2"
Yorko,"0","57","3"
YosysHQ,"3","105","14"
ysrc,"2","1","2"
ysyisyourbrother,"0","1","5"
yt-dlp,"57","1060","299"
ytdl-org,"41","736","207"
ytdl-patched,"65","1102","317"
yuan1093040152,"771","780","468"
yzhangcs,"36","209","125"
yzhao062,"215","18","25"
zcemycl,"0","0","22"
zehengl,"2","8","300"
ZeitOnline,"225","463","650"
ZENALC,"1","215","35"
Zendelo,"21","46","21"
zeroSms,"623","1093","758"
zervvo,"3","113","3"
zhanglonghao1992,"1","9","1"
zhangyue66,"0","61","1"
znk-bit,"640","1204","855"
zostera,"9","6","7"
zpovsic,"3","113","3"
zpz,"6","30","37"
zRitsu,"1","7","10"
Zulko,"57","185","92"
Zusyaku,"80","112","15"
zvldz,"28","64","213"
