"Project","DynCount","FuncCount","DecCount"
.normen,"3","33","3"
"111_bot","509","936","684"
"15-minute-apps","17","43","3"
"15112_TP","621","1066","796"
"2","3","41","3"
"2021SpringGroup5","0","4","3"
"3xamplePythonFlask","0","1","1"
"472projuct","621","1066","796"
"5287-A2","0","2","2"
"6.Space-War","2","1","3"
a4-kosmo,"65","54","80"
a4-meinberlin,"33","40","85"
abu,"69","33","15"
accesionRule_assignment,"0","0","2"
Accounting,"0","1","25"
acme,"19","291","53"
AdapterExperimentation,"0","23","2"
AdelaiDet,"27","211","23"
ADE_COI,"2","5","1"
ADFuzz,"35","481","139"
advent-of-code-2015,"0","19","5"
adventofcode,"8","226","27"
adv_python,"621","1073","734"
adze-modeler,"6","55","30"
af_backprop,"0","168","16"
AI,"0","7","10"
ai-chatfilter-service,"2","29","5"
ai-tests,"32","113","13"
ai-traffic-control,"1","12","1"
aicamp_baseline,"6","64","31"
AidLearning-FrameWork,"0","7","2"
ail_predict,"0","0","1"
aioalfacrm,"9","10","11"
aiogram-template,"3","1","6"
aiohook,"3","11","3"
aiohttp,"41","116","289"
AircraftRadar,"0","8","1"
airflow,"331","1682","1945"
ai_camera_config,"0","0","2"
ajenti,"25","62","61"
albumentations,"18","116","143"
alembic,"70","352","312"
alfred-workflow,"8","57","31"
algobot,"1","215","35"
AlgoDaily,"2","176","2"
Algorithm,"625","1871","718"
algorithm-problem-solving,"1","49","2"
algorithm-python,"1038","2365","935"
algorithms,"0","75","19"
algorithms_and_datastructures,"0","5","1"
algoTest,"0","0","22"
ALLFather_BOT1_Slam,"5","7","17"
All_Project,"1878","3725","1677"
alpaca_v2,"0","6","6"
alphafold,"11","258","32"
AlphaPose,"18","194","68"
altair,"51","98","48"
alura-formacao-python,"0","1","6"
am-app-django,"158","120","77"
AMCF,"27","37","10"
amdfan,"0","1","4"
amos,"38","74","80"
an-event-campaign-map,"274","519","365"
analytics-data-report,"51","95","95"
anchorpy,"0","47","40"
angr,"268","1446","1037"
Aniebot,"5","53","6"
Anjani,"16","11","70"
anki,"56","298","160"
anki-search-inside-add-card,"35","263","70"
ansible,"513","1077","751"
ansible-for-devops,"2","0","4"
ansible-personal,"1","7","5"
antlir,"25","607","277"
antonstechbotv2,"0","0","2"
AoC-2015,"0","34","15"
apex,"138","401","128"
api-gateway,"0","0","18"
api.roadtripsandhikes.org,"0","0","3"
apicula,"3","105","14"
api_cotabest,"0","1","1"
apprise,"69","195","136"
appstore,"8","65","6"
app_arborizacao,"1783","2724","2375"
APS_LevelUp,"0","6","6"
arcade,"30","262","238"
Archery,"0","6","5"
archinstall,"34","48","27"
architecture,"0","0","7"
ArchiveBox,"8","232","176"
Archivist-Agent,"0","50","2"
arrow,"13","15","43"
arthur-redshift-etl,"13","214","105"
Article-CMS,"0","0","3"
artisan,"365","511","153"
asana_extensions,"5","78","33"
asm-dude,"44","316","3"
ASM.21.Lab3,"2","0","1"
Aspidites,"254","608","263"
assigner,"7","27","70"
assisted-test-infra,"18","189","195"
astropy,"1442","1532","1958"
AsyncProxyServer,"0","2","5"
async_arch_course,"8","18","14"
async_django,"2","3","1"
athena,"15","6","1"
Atrocious_Mirror_Bot,"5","7","17"
AtroCRM,"2033","2458","2042"
AugLy,"5","81","27"
Augmentor,"1","30","17"
AuroraPlusHA,"0","0","5"
austin-tui,"23","8","15"
auth,"488","416","649"
authentik,"61","58","268"
Auth_sprint_1,"0","2","1"
auto-sklearn,"163","335","212"
autoencoders-outlier-detection,"0","8","2"
autograd,"9","935","64"
autokeras,"1","111","45"
Automatic-Planner,"0","0","4"
Automation,"0","1","21"
autopep8,"59","73","32"
autoscraper,"7","15","8"
AutoSploit,"0","0","1"
Autotesting,"0","8","2"
AuTuMN,"12","580","30"
avalanche,"40","221","80"
AvitoParser,"0","1","8"
avn,"3","10","1"
AWDP,"9","30","2"
aws-cli,"98","179","140"
aws-parallelcluster,"103","335","855"
aws-sam-cli,"27","327","636"
aws-shell,"2","24","11"
AWS_ASG,"1154","1688","1285"
azul,"42","453","762"
azure-cli,"1027","1379","504"
A_CurrencyClient,"0","0","1"
a_sauna,"1","7","16"
babymonitor,"1","41","1"
bachelor_thesis,"0","3","2"
BackEnd,"37","127","13"
backend-codigo-10,"0","1","2"
Backend-Technoatom,"16","2","2"
backend.ai-client-py,"11","111","311"
backtrader,"345","194","58"
back_light_rgb,"0","57","2"
bacpy,"0","17","24"
Badger,"2","30","41"
badook-tests-python,"7","9","57"
Banco,"0","0","28"
BaoTa,"4","10","8"
Bari-CPAP,"3857","9156","4113"
base,"915","1246","1606"
baselines,"23","271","38"
BasicDjango,"273","519","365"
BattBot,"5","8","1"
bcl,"0","0","8"
BD02_Backend,"0","4","2"
beeswithmachineguns,"2","59","1"
beit,"6","39","3"
benchmark_VAE,"0","169","58"
benchOpt,"26","64","37"
bert4torch,"32","112","38"
bestsell,"1","2","4"
besttrade,"0","18","3"
bethanhutt,"0","0","1"
bgpq-proxy,"0","2","3"
bidding,"32","112","87"
bigdata,"0","7","1"
BigFred,"6","13","10"
BigGAN-PyTorch,"12","7","1"
bigmuseum,"2","0","2"
Biju-shop,"0","0","3"
binance-trade-bot,"0","21","5"
binance-wrapper,"0","0","2"
binwalk,"31","16","2"
bioc-project,"0","17","13"
biopipelines-docker,"0","64","73"
bk_bang_manh,"621","1066","796"
bl3mods,"10","159","19"
Blackjack,"0","0","17"
blender-driving-scenario-creator,"0","6","8"
BlenderGIS,"94","286","150"
bless,"1","1","4"
blockchain-apps,"0","0","3"
blockchain-project,"1","4","10"
blog,"1773","2838","2760"
blog-django,"1","3","1"
Bloxlink,"78","116","25"
blue-sdk-python,"0","0","79"
bonzo,"0","3","1"
borb,"8","542","56"
bot,"3","31","60"
bothub-nlp,"0","28","16"
boto,"443","250","181"
boto3,"62","33","26"
bottle,"13","69","2"
Bottles,"1","24","55"
botUSD,"0","9","8"
box-python-sdk,"28","87","315"
bpython,"58","92","49"
brandwatch-api-extract,"346","278","309"
BRAVE,"107","7","94"
bread,"119","123","30"
brenduserbot,"1","41","3"
Bringing-Old-Photos-Back-to-Life,"20","28","8"
broker-account-analist,"1","10","4"
brs-utils,"0","3","12"
bruno_bot,"0","1","6"
brython,"2450","3146","1509"
bt-mqtt-gateway-new,"8","17","11"
bug-free-spoon,"0","37","1"
build,"34","413","215"
buku,"31","49","1"
bumblebee,"13","37","7"
byob,"178","194","26"
bypy,"0","8","19"
Bzatek-Nemec-2021,"0","0","5"
b_metodos_numericos,"826","1288","1026"
cabernet,"9","46","75"
cachelab,"5","12","51"
calibre,"2258","3747","1299"
camelot,"2","70","17"
cameras,"0","3","1"
canlog,"0","0","1"
canvas-sis-provisioner,"50","18","81"
capture-macro,"0","0","2"
carebt_core,"17","0","24"
carla_simulator,"14","342","120"
Carnegie-Mellon-Fall-2021,"12","111","72"
cartocss-doc-parser,"3","7","1"
car_rental,"1","19","50"
catt,"0","13","29"
causalml,"8","125","26"
ccNERx,"12","33","5"
cds-ils,"13","80","187"
CE7490_Raid6,"27","56","171"
CellarV,"7","87","4"
CellProfiler,"62","705","143"
CenterNet,"20","76","9"
cerberus,"4","51","36"
Certipy,"0","16","19"
certvalidator,"23","56","29"
cfn-sync,"3","6","2"
CGLib,"0","78","24"
chainer,"510","1673","480"
chalice,"23","140","167"
channels,"23","10","19"
ChatterBot,"27","69","12"
ChatTrack,"3","3","1"
checkerboard,"0","3","2"
checkov,"19","672","177"
cheirrs,"0","0","12"
chemjobber-faculty-jobs-list-automation,"0","24","4"
chia-blockchain,"44","455","459"
ChickenFarm,"1","0","2"
Chinese-chess-python-,"680","962","459"
CHINESE-OCR,"1","21","9"
chisel,"4","15","78"
cidemo,"503","874","724"
Ciphey,"3","36","163"
Cirq,"196","2442","585"
Clam,"21","108","72"
clang-tidy-runner,"1","3","7"
clavier,"20","39","27"
cleanlab,"16","218","1"
clearml,"305","725","698"
client,"254","1243","776"
client-bots,"8","78","44"
cloud-builder,"0","3","44"
cloudflare-scrape,"2","5","5"
clp-anki,"0","6","6"
cluplus,"6","12","4"
clusterfuzz,"52","411","267"
cnn-lstm-research,"0","15","2"
coar-notify,"0","3","3"
coconut-prelude,"35","77","144"
cocotbext-axi,"84","31","22"
codecarbon,"4","64","105"
codemod,"2","6","3"
CodeSnippets,"2","7","13"
Coding-Dojo,"0","0","24"
Coding-Projects,"17","120","13"
Coding-Questions,"0","0","1"
CodingTestPractice,"1","63","2"
Coding_Practice,"2622","5725","2511"
CoinCollector,"0","15","24"
Coin_Flip,"1","1","3"
Collection_Target,"621","1066","796"
compas_occ,"3","35","109"
competitive_programming,"0","114","11"
computer_vision_autumn_2021,"0","51","14"
Comsc-131-Project-Team-2,"0","0","1"
com_lib,"11","0","10"
conan,"239","638","865"
Concesionario,"448","485","527"
concurrency_parallelism_asyncio,"0","4","2"
cone.app,"6","41","263"
conjur-api-python3,"13","4","78"
connectbox-pi,"59","70","29"
contact-scrapper,"1","7","3"
content,"87","2561","909"
controle-contas,"1","3","18"
cookiecutter-bali,"0","23","1"
coq-tools,"0","0","1"
core,"905","4264","13022"
coremltools,"130","1331","807"
Corest,"258","172","103"
Corona,"0","2","4"
coronasurveys,"0","259","56"
CosMo,"3","8","20"
cost-analysis,"0","0","22"
CouchPotatoServer,"437","610","226"
CountBOINCtasks,"0","7","1"
coursera-advanced-dl,"0","6","1"
coursera-dl,"3","21","3"
coveragepy,"96","170","23"
covid-19-data,"4","251","59"
covid-data-model,"9","259","217"
covid-data-public,"0","20","10"
covidash,"3","40","4"
covid_19,"3","9","5"
cov_charts,"0","6","1"
cports,"46","26","8"
cpython,"6746","10456","5332"
CrackMapExec,"41","16","10"
crf-31843,"3","1","1"
crm,"0","0","1"
crm1,"275","237","377"
CRO-alg,"0","3","3"
crontabs,"0","3","2"
CRUDPY,"262","218","371"
cryptography,"30","544","143"
CS230_Fall2021_Project,"0","2","1"
CS50w,"0","5","6"
csgo-inv-shuffle,"4","3","14"
cslug,"25","42","15"
CSrankings,"7","33","5"
csvkit,"19","23","4"
CS_basics,"8","844","5"
CudaText,"266","400","177"
cupy,"276","676","84"
CursoemVideo,"621","1073","734"
customization_YoLo_TF_2,"0","52","1"
CustomTkinter,"0","0","12"
CUT_realtime_pytorch,"20","17","13"
CvPytorch,"70","386","70"
Cyber-Hawk-UserBot,"12","112","12"
cybertron,"0","14","2"
cython,"268","708","148"
CZ3002,"1484","2012","1306"
D3vilUserbot,"7","61","5"
DAFE,"10","304","80"
dagr_selenium,"0","48","15"
DAIN,"3","52","26"
DariLearnerFlaskAPI,"1280","1847","1566"
darkflow,"0","41","5"
darkside,"0","20","1"
Dark_Fussion,"12","110","7"
darts,"19","163","205"
dask,"437","2026","325"
data-committee.covid-data,"0","0","15"
data-infra,"4","32","5"
data-science-from-scratch,"4","596","1"
data-scripts,"621","1073","734"
data-storage,"23","71","36"
data-workspace,"26","353","111"
DataScienceRalatorio,"271","220","376"
dataset,"4","18","11"
DataStructuresAndAlgo,"0","61","1"
datools,"0","18","8"
davor_poetry_api,"0","0","2"
davos,"12","4","34"
db-accessor-template,"0","1","1"
dbacademy,"0","1","2"
DCACT,"4","11","1"
dd-idde-sdk,"2","152","6"
debuggingbook,"438","1191","530"
Decentralized-Internet,"22","194","205"
decision-forests,"6","68","46"
deemon,"0","71","51"
DeepDiffusionSolver,"0","4","2"
DeepFilterNet,"5","31","2"
DeepLearning,"28","119","26"
DeepLearningTutorials,"0","88","1"
deepo,"1","10","3"
DeepPavlov,"60","880","241"
deeprtc,"0","1","4"
DeepSpeed,"172","425","80"
deepvariant,"11","412","31"
deepxde,"13","137","44"
Deep_Reinforcement_Learning_and_Search_Class,"0","17","8"
deis,"12","25","6"
DeleteFB,"1","11","1"
Deltademo,"0","30","3"
DEMODAYG7,"621","1078","734"
densenet_bottleneck,"0","28","1"
deoplete.nvim,"17","47","11"
deploy_Malay_ASR,"7","33","8"
Deploy_to_VMSS,"1292","1915","1750"
depthai-experiments,"14","57","12"
Design-Patterns,"0","0","16"
design_patterns_python,"0","1","11"
desisurvey,"43","77","21"
determined,"85","732","159"
detr,"2","60","8"
dev.nllp,"1","126","3"
DevSeries-Backend-Flask,"906","1324","1067"
DFFN,"0","1","5"
dfgen,"0","0","3"
dfrus,"0","41","27"
dgl,"135","1370","633"
DiffuseAnimals,"478","851","730"
DIFFUSION0,"2","17","9"
diofant,"200","4706","1237"
Dioptas,"9","54","71"
dirsearch,"204","263","272"
discord-bots,"15","49","2"
discord.py,"136","242","592"
Disgames,"5","10","4"
disnake-LL-music-bot,"1","7","10"
dispatch,"59","122","170"
django,"1383","2218","1394"
django-allauth,"64","46","116"
django-blog,"0","0","1"
django-bootstrap5,"5","5","7"
django-cms,"285","223","135"
django-cors-headers,"20","3","11"
django-cqrs,"25","43","158"
django-debug-toolbar,"35","58","80"
django-extensions,"212","177","79"
django-gdpr-cookie-consent-demo-project,"1","2","2"
Django-Gradesheet,"0","28","4"
django-hashids,"5","1","2"
django-mptt,"200","36","33"
django-oauth-toolkit,"31","18","16"
django-portfolio,"1529","1697","1476"
django-portfolio-app,"211","148","256"
django-quiz-app,"0","1","3"
django-rest-framework-jwt,"3","0","2"
django-restframework-notes-n-codes,"0","0","3"
django-reversion,"7","20","10"
django-twitter,"929","5365","1791"
django-user-tasks,"5","1","27"
django-view-breadcrumbs,"8","3","25"
djangocms-content-expiry,"23","26","7"
DjangoCommerce,"381","297","388"
Django_mvc,"318","368","428"
Django_rest_framework,"487","542","576"
dlkit,"2","6","15"
dma-bmi-bot,"0","3","4"
dna,"1","38","78"
dnss-blocklists,"0","2","2"
do-prace-na-kole,"25","131","17"
doccano,"20","60","70"
docker-py,"22","110","123"
Docker-Python-Git-App,"0","0","5"
docker-stacks,"0","7","31"
docopt,"0","1","2"
Document-Reduction,"56","64","9"
dododo,"0","9","2"
dojos_and_ninjas,"0","0","4"
Dojo_Survey,"0","0","3"
dojo_survey_with_validation,"0","0","3"
domdf_python_tools,"28","58","75"
DongTai-openapi,"0","5","3"
DOS,"1689","2550","2205"
dotFiles,"48","170","224"
DouZero_For_HLDDZ_FullAuto,"0","45","5"
dragaliagg,"5","3","3"
Drama,"13","112","358"
drinks-touch,"2","9","41"
drozer,"10","78","73"
DrQA,"1","96","6"
DSA,"0","241","12"
dsa4266grp3,"40","133","13"
DSAD,"0","10","6"
dsc-dashboard,"0","1","1"
Dshell,"6","29","23"
DSP_Team8,"0","1","4"
DTMF,"0","0","3"
duckbot,"3","35","24"
duployan-font,"1","67","58"
dvc,"65","486","559"
dymos,"6","220","157"
dynabench,"75","282","58"
DYU_TextMining,"1230","1839","1600"
E5-bot,"58","53","166"
easychart,"3","38","6"
EasyNN,"43","23","61"
easytrader,"0","0","14"
ecchat,"0","0","2"
ecom,"0","2","4"
ecommerce,"0","25","1"
Ecommerce_Assignment,"229","182","77"
ecommerce_integrations,"8","68","17"
EDDID_CMDS,"622","1067","796"
edge-stage-flow,"0","1","5"
edgedb,"236","865","584"
edx-django-utils,"19","36","26"
edx-lint,"2","13","13"
edx-ora2,"54","236","212"
edx-platform,"995","2291","2914"
edx-program-tools,"7","1","7"
effective_python,"11","12","32"
EfficientNet-PyTorch,"1","19","10"
efficientnet-v2-keras,"0","7","4"
eht-imaging,"16","776","31"
einops,"21","37","10"
elastalert,"7","93","12"
elf_diff,"25","30","14"
eloop-scraper-backend,"10","0","7"
email_validation,"0","0","5"
emerge,"34","54","217"
EmiliaMenter,"38","28","60"
Emprero,"197","174","63"
enclave-cog,"69","64","24"
enigma2,"53","130","71"
enigma2-plugin-youtube,"9","37","11"
enigma2-plugins,"137","641","99"
enigma2-python3,"231","505","153"
enigma2-sl-release,"54","130","71"
enterprisediodeemulator,"0","43","94"
ephios,"35","118","132"
erdantic,"10","31","29"
eriksape,"14","6","1"
ernconnect,"3","46","44"
escape-fel,"13","118","14"
ESIRecruiter,"3","50","46"
espnet,"307","1391","353"
EssayKiller_V2,"68","130","41"
Essencia-Website,"623","1078","722"
EthTrade,"0","3","14"
Eureka,"68","53","7"
euterpe-gtk,"0","2","4"
evalml,"18","731","179"
evaluate,"0","2","2"
eve,"47","70","27"
event-routing-backends,"11","2","6"
events-telegram-bot,"0","4","1"
exoplanet_viewer_core,"0","6","241"
Expy-Kit,"11","58","2"
External-Attention-pytorch,"0","7","3"
ExtremeLifeServer,"0","7","9"
ezapi-tmdb,"1","4","277"
ezapi-yelp,"0","3","23"
ezdxf,"64","809","754"
fabric,"39","40","54"
facebook-sdk,"2","3","1"
facenet,"0","54","10"
face_detection_python_opencv,"638","1716","312"
Face_Forensic,"15","22","1"
factory_boy,"52","158","77"
faf-league-service,"2","17","10"
fail2ban,"99","232","145"
fairgraph,"0","15","2"
FairMOT,"31","110","11"
fairpy,"12","260","17"
fakeIDsharing,"0","3","1"
faker-bot,"2","2","6"
falcon,"54","151","133"
falconca.ca,"0","17","4"
fancywd,"0","0","3"
FARGish,"66","274","350"
FashionDatasets,"0","167","32"
FashionNets,"0","77","16"
Fast-F1,"11","27","21"
fast-rcnn,"0","4","9"
fastapi-tortoise-orm,"0","0","2"
fastcampus,"0","0","6"
faster-rcnn.pytorch,"6","110","10"
fatpat314-Poetic_Rukus_website,"867","1266","1041"
faust,"77","381","293"
fbzmq,"12","24","8"
FCR,"10","121","206"
fds-be,"0","18","31"
featherstore,"4","12","4"
featuretools,"31","440","32"
ffmpeg-python,"1","29","18"
ffsubsync,"13","26","11"
findb,"0","19","1"
findTutor,"10","11","21"
finetuner,"20","101","12"
FireDM,"22","215","51"
first,"0","7","22"
firstdjango,"146","109","50"
FixMatch-with-Soft-Labels,"1","267","31"
flask,"35","57","50"
flask-admin,"183","161","30"
flask-base,"0","2","31"
Flask-Blog-Project,"0","1","8"
flask-dream-journal,"1708","2597","2713"
flask-react-aws,"0","2","1"
flask-react-unloadFile,"902","1425","1175"
flask-restful,"19","81","2"
flask-smorest-sqlalchemy-odata,"7","11","5"
flasky,"0","8","29"
Flask_Aula_Virtual,"1","0","14"
flask_chat_prac,"27","2","1"
flask_video_stream,"0","2","1"
flcdLab2,"620","1066","796"
flectra,"189","4062","444"
flint,"0","8","3"
flipkart_clone_app,"355","297","403"
flower,"17","58","16"
FlyMeBot,"2","0","6"
fonttools,"920","1276","196"
FootballScoreAI,"0","24","45"
football_api_notif,"0","2","8"
Fortnite-Discord-Bot,"0","1","1"
Foundry,"24","53","110"
freezegun,"27","10","24"
freezer-api,"4","18","71"
freqtrade,"75","319","208"
frida,"0","52","6"
ftarc,"0","86","14"
full-stack-fastapi-postgresql,"2","5","1"
FuncNotify,"9","10","16"
fusetools,"0","122","273"
fuzzy-torch,"10","48","2"
fuzzywuzzy,"0","11","1"
fx-private-relay,"1","2","25"
FYS-STK4155-projects,"0","8","13"
galois,"52","187","171"
GALUP,"0","21","6"
Game-Bots,"0","4","6"
gamecollector,"0","0","6"
GamestonkTerminal,"72","436","397"
ganga,"634","610","411"
GAProject3-SpaceBase,"0","0","6"
garagesale,"0","0","4"
GATE,"1","21","1"
GBot-backend,"25","26","83"
GbxParser,"623","1079","721"
GeeksHubs,"618","1075","723"
gef,"9","17","13"
gene-connector,"1","31","24"
GenIce,"1","65","76"
Genshin-checkin,"0","1","5"
gensim,"98","585","75"
geostore,"1","3","7"
gestaoclientesv1,"0","0","4"
Gestion-Alpura,"867","1268","986"
gg,"0","1","1"
GIF-4101_equipe_3_projet,"1945","3910","1872"
GimelStudio,"2","11","40"
GitDemo,"1746","2568","1423"
GitGutter,"4","51","14"
github-trending,"26","82","219"
GithubTrending,"0","2","2"
gitsome,"289","437","419"
gixy,"6","38","23"
golinks2,"0","0","3"
Good-Eat-API,"0","0","7"
google-interview-preparation,"8","13","3"
GPT2-Chinese,"0","8","4"
gpustat,"1","17","18"
gradio,"1","167","35"
Graficas_Raycaster,"0","0","5"
grand-challenge.org,"52","334","313"
graphene,"49","89","110"
graphql-core,"91","349","174"
GravitySimulation,"0","8","10"
great_expectations,"217","1011","1011"
GroupMasterBot,"22","26","273"
gs-support,"0","0","1"
gspread,"1","36","32"
gunicorn,"56","53","27"
gw2_speedometer,"3","41","6"
gym,"35","198","45"
G_TAD_customizing,"0","5","3"
ha-config,"68","113","456"
HackingFuel_UBH2021,"1194","1582","5963"
hacknc21,"826","1288","1026"
HACKOHIO-HFAGT,"262","218","371"
haipproxy,"0","52","4"
hanser,"38","443","79"
haruka-rewrite,"1","17","93"
hate-speech-detection,"0","3","2"
hdh-project1,"0","20","54"
headphones,"612","919","401"
hear-preprocess,"0","42","27"
hedy,"4","32","23"
helpwestada,"3","1","11"
HierarchicalProbabilistic3DHuman,"0","20","2"
HiiperProject,"0","6","2"
hiketheplanet,"5","14","2"
histocartography,"49","67","72"
histolab,"8","43","53"
history,"200","445","357"
hmmlearn,"7","8","3"
hocort,"1","0","6"
holbertonschool-higher_level_programming,"0","11","22"
holbertonschool-web_back_end,"2","20","17"
holo,"6","40","37"
home-assistant-config,"31","92","473"
homeassistant,"70","162","530"
horoscopeMusic,"0","0","4"
horovod,"82","638","122"
Hoteles_api,"0","0","5"
hsds,"1","10","38"
hs_mercenaries_bot,"0","1","2"
http-prompt,"5","51","1"
httpie,"18","37","29"
httpx,"34","221","63"
hug,"128","46","56"
huggingface_hub,"10","94","139"
hummingbird,"39","213","31"
huntwords,"0","58","3"
HWsPart2,"4","8","8"
HXL-Data-Science-file-formats,"2","4","9"
hy,"59","84","34"
hyperopt,"35","228","82"
hypothesis,"278","1184","367"
iam-policy-validator-to-sarif,"0","4","4"
iasec-placas-raspberry-dist,"2","0","18"
ibc,"9","57","34"
ic,"19","391","42"
ICD-11-Interface,"622","1073","733"
ida-minsc,"175","773","1259"
IFT6135_A2,"0","4","3"
ignite,"137","784","173"
ihatemoney,"13","61","19"
IIMS,"0","3","7"
ImageAI,"0","67","2"
ImageClassification,"2","15","7"
imbalanced-learn,"61","90","39"
Img3Sum,"585","905","701"
imgaug,"221","871","817"
imgclsmob,"961","1908","158"
imio.zamqp.pm,"12","2","5"
immuneML,"104","701","631"
impacket,"132","154","199"
import-brain,"0","4","1"
Improved-Yolov5,"14","27","9"
Improvisation,"0","4","2"
ImSeller,"730","667","696"
indi-allsky,"7","27","12"
INE5420,"0","0","1"
INF368A,"2787","5550","3606"
infcommon3,"2","16","4"
informerdata,"1","32","2"
infra_server_kvm,"0","0","2"
inka,"0","15","26"
INR,"29","117","97"
InstaApp,"286","210","127"
instagrapi,"7","73","13"
install_we0,"473","822","673"
InstaPy,"6","46","6"
instawow,"5","148","76"
integrations-core,"840","875","428"
intelliHR-text-backend,"822","1380","1029"
inter,"2","72","1"
intermine_cloud,"1","19","5"
interview,"4","6","2"
interview-prep,"1","18","4"
intraday-market-simulator-2,"3","51","10"
IntroToArtificialIntelligenceProject,"26","25","8"
invenio-requests,"7","6","22"
inventory,"1","6","15"
ipal_transcriber,"11","14","20"
ipwndfu,"21","24","16"
ipyvue-flatsurf,"1","30","19"
iqm-client,"0","1","1"
irc_bot,"0","2","12"
iris,"9","55","107"
irrigation_component_v4,"6","0","9"
irrigation_unlimited,"0","11","115"
Isaac-drlgrasp,"4","10","7"
itez,"2","3","1"
ivre,"56","517","514"
JagVillHaVaccin,"0","20","7"
Jarvis,"0","11","10"
jaseci,"222","10","6"
jasper-client,"8","50","48"
javascripting-home-vscode,"323","360","570"
jax,"291","4352","491"
jaxdsp,"1","50","23"
Jay,"8","73","88"
JayMusic,"0","0","6"
jedi,"42","674","200"
jedi-vim,"4","12","22"
jet-bot,"1","22","8"
JetBrains_Academy,"9","198","30"
jimutmap,"0","9","6"
jina,"211","561","499"
jinja,"63","159","109"
jira,"65","44","50"
jobcodingtest,"621","1066","796"
JojoCogs,"21","36","15"
jrc,"92","169","22"
jrnl,"42","55","58"
JumpQuest,"0","14","1"
jumpserver,"87","90","298"
jungle00,"908","1512","1488"
jupyterhub,"81","183","173"
jupytext,"4","91","95"
justuse,"23","94","17"
k8s-deploy-example-demo,"747","1339","1038"
k8s-slim,"81","54","16"
kadalu,"7","13","23"
kafka-python,"71","195","147"
kaggle-api,"53","62","57"
kaggle-sartorius,"0","43","6"
Kanin,"0","4","13"
karaage,"56","31","170"
kazexpress,"219","162","335"
keep,"135","549","240"
KennedyXMusic,"0","0","3"
kepler,"3","231","15"
keras,"517","1555","549"
keras-pcb-sapd-mix,"0","28","5"
keras-rl,"28","50","28"
kingfisher-collect,"37","264","88"
kinto,"48","177","163"
kitty,"174","364","207"
knowledge-repo,"25","128","129"
kobo-annotations-exporter,"0","0","2"
kolibri,"239","496","347"
KORartilleryman,"2847","6088","2533"
kraft,"7","21","176"
ksuid-pydantic,"0","2","6"
kuryr-tempest-plugin,"0","26","78"
label-studio,"66","113","106"
labelme,"8","24","8"
lake,"0","24","1"
Lambda-Start-Stop-Aurora,"1929","3469","3021"
language_exchange,"0","0","12"
Lasagne,"47","136","2"
lastfeeder,"3","0","3"
lattice-surgery-compiler,"2","35","34"
LaZagne,"7","274","36"
lbry-sdk,"72","716","780"
lcapy,"57","145","755"
lc_python,"0","35","4"
learn-python,"0","17","3"
LearnPy,"4","50","6"
LearnQA_Python_API,"0","0","13"
learn_python3_spider,"1514","3251","1427"
leetcode,"7","796","44"
LeetCode-Python,"0","236","2"
leetcodecn,"1","18","6"
legendary,"6","58","59"
les-novel,"0","2","3"
lesson-parallel-python,"0","17","13"
levensfilosofie.nu,"0","5","4"
Lezzetly,"0","1","4"
lhotse,"3","398","227"
library-api,"0","10","11"
librarysystem_backend_django,"0","0","1"
lifeline_crypto_tbot,"0","2","5"
lightfm,"1","28","1"
lightning-flash,"234","333","376"
lingvo,"153","1245","1061"
linux_users,"0","0","3"
LIP_JPPNet,"5","22","19"
litedram,"191","1394","65"
litex-boards,"9","22","1"
LLVM-embedded-toolchain-for-Arm,"0","14","5"
lm-evaluation-harness,"3","41","2"
loan,"0","0","1"
localbitcoins-sdk,"0","0","2"
localstack,"113","538","354"
logic_nodes,"1","29","14"
lolo_ws,"0","30","1"
lovpy,"22","80","9"
loxscript,"0","2","42"
lsqfit-gui,"13","36","4"
lsystem_Tree_Generation_Blender,"59","49","8"
Lucky-Gates-Host,"0","0","5"
ludwig,"25","405","597"
luminoth,"8","76","23"
lutris,"40","196","290"
Machine-Learn-for-solving-mazes,"6","25","30"
Machine-Learning-Collection,"1","84","2"
machine-learning-course,"0","10","3"
Machine_Learning_Course,"0","13","2"
machine_learning_examples,"2","365","13"
maestro,"2","76","59"
maigret,"1","60","19"
mailer,"0","0","3"
Mailpile,"81","854","122"
mailru_python_backend,"0","5","4"
maltrail,"58","22","2"
Man-Userbot,"7","53","16"
manga-ocr,"0","5","37"
manim,"139","560","240"
manim_editor,"2","4","1"
map-machine,"0","44","33"
map-stp,"0","11","8"
MAPFLIX,"1791","2554","2569"
Margray-Engine,"4","3","1"
markdown,"8","19","6"
marshmallow,"48","137","50"
maskrcnn-benchmark,"19","234","30"
mask_recognition,"32","92","13"
massbalance-sandbox,"17","30","30"
MASTER-paddle,"1","20","2"
math_challenge_eval,"0","31","10"
Maya-Coding-Class,"0","0","2038"
maybe,"0","39","3"
mazes-for-programmers,"0","2","5"
McServerManager,"1","0","1"
mecha,"8","71","67"
mechanicalmonkey,"6","5","54"
medimops-momox-data,"0","6","2"
MeetingSummarization,"5","191","26"
meetup,"1","0","2"
MemTorch,"26","38","6"
menu,"0","8","3"
Meowassistant,"10","19","214"
mercadolibre-bot,"0","3","1"
MERD-backend,"0","0","4"
mergen,"0","0","1"
meshroom,"32","292","77"
MetaAutoML-Controller,"0","0","3"
metacells,"94","66","8"
metaflow,"101","381","255"
metrologist,"4","9","7"
metsa_group,"1","37","2"
micro,"2","65","1"
microk8s,"7","22","30"
micropython-mcron,"0","4","1"
Microsoft-machine-learning,"3259","8064","4028"
middle21projects,"0","30","7"
MidiCompose,"0","15","17"
mikelaud.github.io,"0","8","208"
Milestone-Project-4,"0","0","8"
Mineshare,"445","419","412"
Mini-Amazon,"0","5","11"
mininet,"30","92","53"
mipyfive,"0","183","3"
MirLeechX,"4","5","19"
missneha,"5","7","24"
mithras,"0","13","1"
mitienda,"0","2","5"
mitm,"0","2","1"
mitre-attack,"2","30","11"
mkdocs,"7","56","23"
ml2017,"0","225","7"
MLAlgorithms,"2","78","21"
mlcourse.ai,"0","57","3"
mlflow,"133","1066","560"
mlops_test1,"1413","1562","1425"
mlspace,"1","0","8"
MMdnn,"104","306","243"
mmsegmentation,"76","140","40"
mmskeleton,"9","103","16"
mo436-T1,"0","16","3"
Mobius_web,"1260","1319","1246"
models,"361","3493","711"
modin,"240","1371","529"
MONAI,"80","670","140"
money_split_project,"0","1","2"
monkey,"15","194","622"
monorepo,"0","1","4"
mopidy,"34","97","18"
moptipy,"20","113","58"
motioneye,"12","70","11"
moto,"180","2365","6707"
movie3D,"0","1","4"
moviepy,"57","185","92"
MovieRecApp-RecommendationService,"0","2","20"
mozregression,"29","83","46"
mps-youtube,"9","87","8"
MQClient,"3","12","14"
mqttAirCondition,"270","168","150"
mrcepid-buildgrms,"0","1","2"
mrcepid-collecthsmetrics,"0","0","2"
MS-SincResNet,"0","4","2"
MS11,"0","0","1"
msc-pygeoapi,"12","70","1"
mss_gerenciamento_usuarios,"0","23","29"
MultiBench,"16","352","90"
MultilingualAnalysis,"547","1384","1771"
multiresolution-mesh-creator,"1","25","4"
music-caster,"2","86","3"
music012,"0","0","3"
musicman,"1","7","2"
mvt,"0","26","7"
My-Beetroot_Academy,"3","2","7"
my-first-blog,"236","203","349"
my-flexible-yolov5-obb,"25","61","20"
my-freqtrade-nfi-nextgen,"3","94","29"
my-twitter,"1","3","7"
MyDiscordBot,"1","2","5"
myproject,"621","1073","735"
mypy,"184","1098","515"
MyPython_Fold,"0","1","3"
myStudy,"1374","3081","1245"
my_blog,"2","3","1"
naas,"2","5","27"
napari-pdf-reader,"14","72","71"
napari-script-editor,"1","8","1"
NaturalNets,"16","32","64"
nauka,"0","0","1"
nautobot,"235","293","372"
NBA-Snap-Shot,"60","88","104"
NDIC,"0","2","2"
NearOnPolicyExperienceReplay,"13","93","15"
nebula8,"0","11","4"
Nekobot,"37","65","171"
neon,"89","551","166"
NeonMeate,"1","12","20"
netbox,"238","240","314"
netmiko,"7","29","26"
NeuralStitcher,"2","8","45"
neuraltalk,"0","4","12"
neurotools,"13","40","2"
newsMuncher,"1","6","3"
newspaper,"4","88","76"
NexCodeix,"0","0","4"
Nick_bot,"4","1","2"
nieuwave,"231","116","102"
nix-pypi-fetcher,"0","12","2"
njet,"5","46","1"
NLP,"826","1272","939"
nlp-recipes,"31","440","45"
NLP-Suite,"2","493","11"
NLP_Group,"624","982","717"
NMEC,"1847","3603","1809"
nmt,"24","42","2"
nn-jam,"0","124","155"
node-gyp,"29","223","2"
NodeNote,"5","66","4"
Notejam,"0","2","12"
now8-api,"0","2","32"
npc-genretor,"0","0","1"
npfl122,"4","32","7"
NSE_StockMarket_Data,"0","13","21"
nubladobot,"1","5","5"
Nuitka,"572","1655","1329"
numba,"597","1940","2426"
numpy,"569","1894","227"
nupic,"93","301","171"
oclapi2,"30","86","297"
OCRmyPDF,"20","81","141"
octako,"0","23","145"
octoauth,"2","12","77"
OctoPrint,"174","614","390"
OctoPrint-CrealityCloud,"1","0","1"
ocv_miner,"16","59","11"
odoo-custom,"5","407","4"
Odoo15,"12","92","9"
ohtu-repo,"0","2","1"
ohtu-syksy-2021,"0","1","1"
olymp-calendar,"0","4","16"
olympus,"32","23","17"
one-minute-pitch,"1","0","9"
One-Shot_Free-View_Neural_Talking_Head_Synthesis,"1","9","1"
OneCallAway,"1126","1664","1994"
onionshare,"9","48","21"
online_store,"143","107","57"
online_update,"30","130","9"
oop-via-python,"1","37","8"
oop_learning,"18","5","58"
op25,"29","78","22"
opct-backend,"1","2","8"
open-box,"13","260","39"
openembedded-core,"0","0","2"
OpenFermion,"8","531","97"
openpilot,"143","306","343"
openrazer,"95","53","99"
opensanctions,"5","47","38"
openshift-python-wrapper,"7","39","86"
openshot-qt,"39","78","6"
opensnitch,"23","7","15"
opensphere-build-closure-helper,"0","4","3"
openSUSE-release-tools,"20","81","39"
oppia,"93","1383","1330"
optuna,"64","781","256"
opyplus,"6","112","35"
orange3,"219","1469","702"
osis-portal,"32","79","202"
osu_aim_tool,"0","11","12"
osvb,"1","10","11"
ottr,"0","5","77"
OUCML,"18","62","3"
package_control,"177","107","272"
paco.models,"93","20","118"
pacu,"25","61","2"
PaddleDetection,"177","654","665"
PaddleHub,"139","780","349"
pajbot,"27","212","255"
PAMI,"0","551","778"
panasonic_smart_app,"0","38","148"
pandas,"1839","3889","1753"
panning_master,"0","4","13"
pants,"66","688","1408"
paper,"65","70","555"
paperless,"7","30","46"
Paragonladder,"1","26","20"
paraLot,"3","7","3"
paramiko,"39","55","78"
parcial3-backend-django,"323","290","279"
ParlAI,"204","1141","570"
parser,"36","209","125"
parsers,"0","1","1"
pass-culture-api,"87","572","463"
Passport_OCR,"3","105","10"
Password-Checker,"0","0","1"
PathPicker,"1","17","23"
PatrickStar,"11","40","19"
pattern,"83","611","296"
PBar,"0","2","12"
pdbparser,"22","166","27"
pdfminer,"4","47","8"
pdpipe,"15","82","12"
pecos,"31","173","157"
peda,"23","8","15"
peekaboo,"3641","16251","16583"
peering-manager,"101","48","89"
pele_platform,"11","183","52"
pendulum,"23","118","81"
peppa,"1","40","7"
peps,"12","15","13"
percol,"6","40","12"
personal-finances,"0","0","5"
pet-the-chat,"0","1","2"
peter_sslers,"11","181","219"
PFERD,"2","56","49"
PFS,"8","31","47"
PGFUZZ,"624","972","740"
phd_thesis_code,"0","8","1"
phenix-feedstock,"2","1","5"
Phonemizer,"0","12","41"
pi-time-control,"0","0","3"
PI1-Univesp-Grupo-006,"1605","2486","2280"
pifuhd,"6","27","4"
Pillow,"104","174","43"
pink-workshop-app-start,"0","0","3"
PINTO_model_zoo,"6","633","5"
pip,"409","706","579"
pipelines,"232","257","291"
pipenv,"1127","1781","1760"
pipx,"6","43","8"
pisameet,"0","0","5"
Pitches,"966","1462","1175"
PITCH_APP,"674","1258","877"
pkuseg-python,"1","4","6"
pk_selecter_pj,"0","0","1"
pl-covidnet-grad-cam,"0","0","3"
plaso,"324","184","284"
platformio-core,"17","237","217"
PlatformX-BackEnd,"404","514","311"
Platzigram-Django,"0","1","4"
Platzigram-Improved,"0","0","4"
playground,"0","4","9"
playlister,"823","1285","1025"
plugin.video.teliaplay-se,"0","6","44"
poboy,"14","44","49"
podcasts-list-to-rss,"0","2","7"
POG-bot,"7","15","175"
pokeapi,"1","156","141"
polijira,"0","0","15"
polygon,"0","11","71"
pomice,"2","8","23"
poof,"0","0","9"
portia,"172","273","211"
powerline,"86","204","199"
powerline-shell,"5","8","1"
ppx,"0","19","26"
pqueue,"0","8","1"
practical-python,"26","159","44"
practical_task_SES,"2","0","3"
practice,"0","85","1"
prance,"13","21","2"
pre-commit,"8","116","26"
prebuilts_build-tools,"1213","1213","930"
prefect,"147","660","348"
PrepareCodingTest,"329","475","359"
present,"3","7","29"
pretrained-models.pytorch,"1","26","1"
pretty-lights,"0","2","6"
Price-Tracker,"0","0","8"
privatedss,"625","966","693"
probe-python,"5","7","5"
profile,"3","3","2"
project,"0","1","1"
ProjectPython,"621","1073","734"
projektarbeit-2019,"6","88","5"
Projeto-2-TecWeb,"246","143","118"
Projet_P13,"0","0","5"
proselint,"0","5","181"
proto-plus-python,"26","19","20"
proxy.py,"5","23","58"
ProxyBroker,"1","53","19"
proxy_detr,"1","61","15"
Proyecto-2,"1242","2146","1468"
ProyectoCeipa,"162","94","47"
prueba1989,"10","19","214"
pruebas,"1271","1551","1098"
psocake,"12","7","17"
psrpype,"1","22","31"
psutil,"198","185","242"
public_study,"1766","6270","6146"
puput,"17","1","9"
pupy,"167","319","192"
PVVS-001,"0","16","4"
pwndbg,"24","102","134"
pwntools,"144","187","308"
py-faster-rcnn,"1","5","9"
py12306,"0","0","7"
PyAddressBook,"0","0","1"
pyamiimage,"0","13","6"
pybiomatx,"0","7","5"
pybites,"3","220","61"
pybm,"10","54","14"
pycodestyle,"1","28","8"
pyconway,"0","0","2"
pycord,"163","272","637"
pydantic,"98","312","348"
pyDemo,"621","1069","798"
pydes,"35","174","14"
PyDOS,"2","7","19"
Pydra,"7","108","42"
pydub,"4","27","37"
pyecharts,"8","61","3"
pyedr,"0","0","2"
pyepr,"4","7","8"
PyExcelerate,"12","13","46"
pyfindates,"0","7","6"
pygal,"64","196","48"
PyGame,"624","982","717"
PyGameExamplesAndAnswers,"0","179","6"
pygeostat,"49","104","29"
PyGithub,"8","334","1023"
pyglider,"5","21","5"
pygwin,"1","2","14"
pyhaversion,"0","2","12"
pyinstaller,"121","185","60"
pyiron_base,"38","172","310"
pyjwt,"3","4","72"
pyleet,"0","1","1"
pylightnix,"18","114","24"
pyload,"87","291","256"
Pyluos,"2","10","78"
pymc,"180","548","288"
pymensago,"1","4","2"
pyminion,"0","55","5"
pymor,"140","622","249"
PyMySQL,"13","26","4"
pyod,"215","18","25"
pyodide,"32","73","32"
pyomop,"0","1","18"
PyPDF2,"13","76","2"
pyro,"204","888","459"
pyrogram,"109","178","98"
pyruct,"0","0","21"
pysc2,"52","195","119"
PySDM,"36","69","295"
pyserial,"54","44","59"
pyserini,"10","179","52"
PySimpleGUI,"13","260","10"
pyspedas,"4","116","15"
PySwyft,"12","0","9"
PySyft,"305","290","667"
pytesseract,"1","20","4"
pytest,"267","386","273"
pytext,"172","706","382"
Pythawn8,"0","3","4"
python,"6175","6594","6561"
Python-100-Days,"0","25","12"
Python-API-Wrapper,"1","9","2"
python-cdown,"0","4","3"
Python-checkers,"0","0","7"
python-ddd-template,"0","3","30"
python-design-pattern,"13","16","35"
python-docs-samples,"10","884","108"
python-examples,"0","21","4"
Python-Experiments,"1","61","30"
python-fast-api,"0","5","3"
python-for-android,"50","95","87"
Python-for-Data-Science,"5340","6951","5413"
python-gitlab,"51","144","19"
python-google-nest-sdm,"1","4","80"
python-gvm,"0","0","28"
python-intermediate,"0","29","14"
Python-Labs,"329","475","359"
python-language-server,"2","66","70"
python-osm,"0","0","8"
python-practice,"34","187","123"
python-project-lvl3,"0","1","2"
python-prompt-toolkit,"26","407","287"
python-sandbox,"1","76","430"
python-sdk,"1493","753","1399"
python-sortedcontainers,"8","78","129"
python-study,"0","19","2"
Python-task4,"0","0","6"
python-telegram-bot,"197","200","238"
Python-training,"0","15","4"
python-ui-automation-feeid,"6","7","19"
python-zeroconf,"16","81","23"
python3_ver2,"0","14","2"
Python5,"1","27","7"
PythonBase,"0","1","2"
pythoncodingtest,"99","207","293"
PythonFlaskWeb,"0","7","5"
pythonic-garage-band,"0","0","7"
PythonOOP,"2","7","6"
pythonProject,"0","8","1"
pythonStudy,"0","2","10"
pythontraining,"908","1379","1025"
PYTHONUSERBOT,"6","72","13"
Python_cote,"353","524","348"
Python_exercises,"0","315","31"
python_fund,"0","0","11"
python_idp,"262","225","392"
python_interpreter,"0","8","13"
Python_Projects,"659","1136","817"
Python_stack,"0","0","10"
python_unit_testing,"0","0","4"
pytickersymbols,"1","29","3"
pytorch-examples,"0","0","2"
pytorch-lightning,"193","425","799"
Pytorch-UNet,"0","1","2"
PyTorch-YOLOv3,"0","16","1"
pytorch3d,"116","313","181"
pytorch_geometric,"101","524","277"
pytube,"5","48","82"
pytwoway,"0","24","1"
pywal,"3","23","13"
PyWebIO,"3","52","3"
pywebview,"19","36","47"
pywinauto,"73","141","158"
py_amazon_buddy,"0","18","8"
py_sql_client,"1","11","9"
QASY,"621","1067","796"
qiskit-service,"2","2","3"
qlib,"88","310","200"
QPP-EnhancedEval,"21","46","21"
qtvideoAnnotationInterface,"3","6","2"
QUANTAXIS,"3","9","19"
Quijote-simulations,"6","10","5"
qutebrowser,"125","805","71"
r2-d7,"8","38","24"
RADar,"36","106","96"
rai-sdk-python,"0","9","9"
ranksortloss,"89","625","94"
rapid-photo-downloader,"24","127","77"
rasa,"52","1063","811"
ray,"14","167","52"
raycast-scripts,"0","2","23"
RaydBlog,"0","2","8"
raytracer,"1","10","4"
React-Django,"1387","1543","1362"
react-native-skia,"41","586","202"
readthedocs.org,"107","203","180"
ReAgent,"100","549","446"
real-url,"0","0","28"
RealTime_System,"623","1093","758"
recording-validation-interface,"1","34","21"
Recruiting-Platform-backend,"0","0","25"
RedditSentimentDashboard,"0","5","1"
Redis-RS-OtterTune,"1","31","21"
refinery,"61","555","280"
reflex-aws-cloudfront-origin-tls-versions,"0","0","1"
regel,"3","28","14"
Reinforcement-learning-with-tensorflow,"9","64","3"
remi,"96","37","259"
reprojection,"2","79","10"
reptilearn,"9","59","9"
rero-ils,"4","216","146"
restaurant_backend,"1","15","39"
rev-engine,"14","45","22"
RF-Activity-Count,"769","1203","849"
rhubarb,"9","6","13"
rich-clr,"31","348","185"
rico-bot,"9","15","5"
RLBotPack,"174","335","227"
rmsigchks_public,"21","24","16"
RNA-combine,"10","44","20"
Robinhood2.0,"1","1","4"
robotframework,"234","617","499"
robotframework-browser,"4","36","46"
robotframework-lsp,"214","609","754"
Rocket-League-Private-Matches-Discord-Bot,"0","3","1"
rockstar,"0","3","1"
rom-comma,"8","56","283"
rooseveltparkna-alerts,"1","4","5"
rororo,"13","22","23"
rosdistro,"2","33","1"
rover,"274","2256","559"
rq,"36","129","101"
rss-tg-bot,"2","14","1"
rt-dashboard,"1","15","7"
rtv,"66","63","122"
RunData,"49","82","17"
russell.ballestrini.net,"0","0","2"
Saber-Clone,"23","51","312"
sabnzbd,"32","118","67"
sadbot,"4","7","109"
safe-explorer,"0","15","6"
salt,"1385","4012","1736"
SAM_Python_App,"0","1","1"
Sangtei,"40","42","243"
sasview,"179","293","73"
saws,"0","5","2"
sc8pr,"64","105","187"
scapy,"253","3051","349"
schedule,"2","3","20"
schnapsen-card-game,"2","263","94"
ScifiBaseControlServer,"13","38","59"
scikit-image,"73","394","132"
scikit-learn,"895","1322","424"
scipy,"571","1994","351"
sclack,"6","42","17"
score-control,"0","0","6"
scr,"2","14","18"
scrape_api,"0","19","3"
scrapydweb,"17","62","16"
scrapy_project,"0","6","7"
scrum-hub,"0","2","5"
sdc-responses-dashboard,"1","6","1"
sdk-python,"0","0","2"
seaborn,"67","315","109"
seahub,"354","373","332"
seamm_datastore,"12","12","11"
search-portal,"11","153","157"
searxng,"74","133","39"
sec-fund-data-extractor,"0","6","13"
SeeMore-pre-flight-inspection,"0","1","14"
SegLoss,"2","31","3"
segno,"4","116","1"
selenium,"0","0","5"
SeleniumTest,"771","780","468"
semantic-segmentation-pytorch,"1","44","6"
semi-supervised-text-classification,"0","12","1"
semisupervised-multitask-learning,"0","0","17"
sentiment_analysis_web,"0","1","6"
seq2seq,"23","72","72"
SerpentAI,"8","51","86"
serverless-application-model,"23","136","88"
shadowsocksr,"20","12","2"
ShadowSocksShare,"22","24","2"
SHITTY_GAME,"0","0","7"
shooter-squad,"8","54","11"
shophair,"0","2","2"
shopping-live-api,"0","0","3"
shukurenairobot,"41","96","244"
shuttleclock-web,"1","1","13"
SickChill,"209","367","364"
signal-forge-api-python,"0","0","1"
SignLanguageDetect,"2","21","4"
simple-python-discord-bot,"4102","5651","3420"
simple-wishlist,"0","0","3"
SimplePyScripts,"17","290","57"
sira,"14","141","17"
sistpetshop,"0","0","21"
SI_2020_combined,"5","17","21"
skale-admin,"1","86","75"
SkeemansCourses,"0","21","12"
sketch-code,"0","5","11"
sklearn-onnx,"223","409","55"
skryptowe,"0","7","13"
skyzu-userbot,"2","52","3"
Slack_to_Twitter,"682","594","686"
sleepful,"1","2","10"
Sloth,"0","88","97"
sloth-bot,"5","83","25"
SlowFast,"27","152","20"
SmashBot,"0","0","1"
SmokeDetector,"4","18","26"
SMUHon-Practical-RE-Membership-Algs,"18","138","26"
SnakeGame2.0,"0","0","4"
snappingbot_v3,"0","0","1"
snorkel,"9","100","18"
snownlp,"4","25","8"
social-meta,"0","2","1"
Social-Network,"0","0","6"
SocialNetwork,"0","0","1"
sofgan,"2","6","8"
SoftUni,"0","114","64"
solFEM_v3,"32","26","6"
Solo,"15","40","1"
sonarqube_tester,"0","0","11"
sonic-mgmt,"93","1413","476"
sonnet,"59","301","35"
sopel,"329","112","42"
SOR,"11","103","17"
SoundGood-App,"2222","3411","3022"
SP110E,"0","1","13"
spack-monitor,"10","37","27"
spack-stack-catalog,"3","7","1"
SPADE,"14","13","13"
SPARC_lib,"0","77","2"
spark-elt-jobs,"1","19","7"
spectacles,"8","55","28"
spectrafit,"1","27","18"
speech_recognition,"11","2","3"
spellbot,"47","88","81"
sphinxcontrib-needs,"65","65","13"
spiderfoot,"8","48","33"
spinningup,"11","109","1"
Spotify-app,"0","0","1"
spotify-downloader,"1","36","18"
Spotify-Utility,"0","0","1"
spotify-utils,"0","10","8"
spyder,"271","1231","280"
sqlalchemy,"998","3056","2912"
sqlfluff,"24","298","270"
sqlfmt,"0","78","59"
sqlglot,"6","110","25"
sqlmodel,"34","20","36"
srdl2sv,"0","41","8"
srl-evpn-proxy,"14","34","70"
ssafy_nurse_duty,"0","0","11"
sshuttle,"19","58","14"
stable-baselines3,"24","148","56"
stac-check,"0","0","1"
staged-recipes,"0","21","1"
StagPy,"2","34","62"
stairlight,"0","10","6"
StairUnlocker,"0","0","1"
stanza,"44","611","125"
starlette,"26","63","48"
Startup,"1943","4660","1557"
STAT-724,"1886","3091","2226"
state-spaces,"64","162","164"
static-maps,"0","1","1"
station-py,"1","6","227"
statsmodels,"829","1615","1827"
Stealth-Bot,"7","38","6"
steam_screenshot_guessing_game,"0","12","5"
StegCracker,"0","1","1"
Stepik-Git,"0","2","2"
Stepik_Test_automation_training,"0","5","2"
Stingray-Reader,"0","145","50"
stix-shifter,"28","60","203"
Stokasimples_1,"1535","2512","2240"
strava-offline,"2","20","19"
Stream-Framework,"38","63","132"
Stream-It,"7","4","2"
stream-status,"0","0","29"
stream2py,"8","33","67"
streamlink,"69","483","323"
strict_hdds,"16","8","92"
structurework,"1","34","3"
stub_uploader,"0","7","2"
study,"0","14","2"
Study2021,"617","1072","735"
StudyBuddy_A-discord-like-application-built-with-Python-Django,"83","67","32"
StyleGAN2,"24","904","24"
stylegan3,"22","107","53"
SublimeCodeIntel,"9","2","10"
SublimeWebInspector,"7","5","13"
sudoku-solver,"1031","1272","965"
suntzu-sc2,"29","258","416"
SuperRes,"0","6","3"
superscreen,"7","54","23"
superset,"159","970","1086"
Surprise,"10","96","7"
surveyextractor,"7","8","7"
switchcraft_pi,"0","11","12"
sympy,"844","10965","3851"
synapse,"136","1330","527"
Synonyms,"3","89","3"
system-design-primer,"0","11","6"
tabnet,"123","796","117"
tabouleh,"0","2","9"
tacotron,"1","25","13"
tagry,"7","50","1"
TAI,"3","115","3"
Taichi-PBD-3D,"0","4","2"
taiga-back,"364","882","85"
Tales-of-Rebirth,"6","130","2"
talisker,"54","57","57"
talks.ox,"10","53","43"
taller-4-python-Diegovalen47,"0","0","1"
targetran,"0","32","1"
task-burak-vural,"43","14","12"
TaskMan,"0","2","4"
tasks,"0","15","3"
tasks-api,"1","0","8"
Tautulli,"966","1571","936"
tcp,"2","58","59"
td3_trajectory,"0","4","13"
Team-10-Python-Project,"0","7","10"
Team3,"0","43","16"
techminer-api,"0","249","5"
technical_strategy,"668","965","735"
tech_heist,"15","7","1"
teht14-16,"0","1","1"
telegram-message-bot,"74","88","60"
telegram-raid-botnet,"0","16","5"
teleport,"1","3","1"
template-django,"1","4","4"
tennis_environ,"2","155","40"
tennis_major_tour_scraper,"0","5","2"
tensor2tensor,"182","1151","1006"
tensorboardX,"17","78","39"
TensorFlow-World,"0","3","3"
tensorlayer,"20","226","172"
tensorpack,"55","534","234"
tensorwaves,"1","53","39"
termtosvg,"1","27","5"
Termux-And-Kali-Linux-V2,"80","112","15"
TEST,"7","19","74"
TestFirebaseCrash,"1","2","1"
TestImageServer,"0","2","1"
testing,"622","1067","796"
TextBlob,"6","78","43"
textual,"25","149","83"
text_classification,"0","80","3"
tgbot,"763","1140","925"
THE-SHRUBBERS,"0","0","1"
Theano,"788","2599","534"
theatre_ag,"6","7","17"
thefuck,"14","136","191"
theHarvester,"0","76","41"
the_eye,"0","2","1"
threesixty,"0","4","1"
thumbor,"49","30","273"
TIL,"0","156","11"
time-track-tool,"62","88","4"
TimTheWordWarBot,"3","8","37"
tinydb,"4","32","7"
tinygrad,"11","169","27"
tk1-pbp,"2","0","4"
TLE-Bot,"3","252","44"
tms_final_project,"0","7","10"
toki-musi,"0","5","2"
torch-classification,"3","4","5"
torchdiffeq,"3","58","10"
tornium,"0","1","63"
tp-qemu,"124","540","99"
TPI-Soporte,"0","5","2"
tpot,"45","50","12"
trabalho_pooII,"1","0","8"
tracim,"20","288","626"
trail-projects,"0","0","1"
train-control-embedded-system-cs4397,"1256","1355","1159"
transferlearning,"12","124","15"
transform,"45","422","99"
transformers,"1136","2660","3250"
transistordatabase,"30","148","1"
Transition_based_parser,"0","1","5"
translation-memory-tools,"2","9","12"
transportation-engineer,"0","36","3"
trape,"21","8","10"
TravelsEtc,"1","1","10"
trax,"92","1354","198"
trezor-firmware,"58","879","474"
tribler,"63","746","413"
TRM,"0","73","9"
troposphere,"13","13","8"
TrumpScript,"2","0","22"
trustme,"3","7","4"
tukaan,"9","15","122"
tuner-backend,"0","26","4"
turdshovel,"0","2137","301"
tutel,"13","25","8"
tutorials,"5","76","21"
tvm,"285","3171","745"
tw-del-backup,"0","1","1"
TWBlue,"230","53","7"
tweepy,"49","13","21"
twint,"4","7","1"
twisted,"677","1883","388"
TwitterCrawlingV2,"1983","3814","1927"
typed-dfs,"23","99","226"
types,"2","4","50"
uda-connect,"0","2","10"
uf3,"0","98","37"
UFPB-IP,"640","1204","855"
Ulauncher,"10","76","55"
Ultra-Light-Fast-Generic-Face-Detector-1MB,"10","55","5"
UnarySim,"2","39","6"
undictify,"8","4","5"
undisputed-united,"0","4","3"
ungoogled-chromium,"9","40","27"
unicode,"1242","2186","1592"
unigate,"4","0","12"
universe,"14","126","60"
University-System,"1","12","81"
Universum,"34","65","69"
untitled-badminton-app,"0","6","22"
upathlib,"6","30","37"
uqcsbot-discord,"0","43","43"
urfuQueueBot,"0","2","2"
urh,"101","400","669"
uv.ozg,"1","0","3"
uvadlc_practicals_2021,"0","7","1"
uvicorn,"8","72","5"
UVO_Challenge,"19","117","8"
UX-jutsu,"9","57","62"
vaccination_data,"1","0","2"
vaex,"262","1092","595"
vdsm,"267","1180","1900"
veez-music,"0","0","3"
vehicle_register,"0","1","1"
VENOMxMUSIC,"0","0","5"
verifiable_mpc,"0","159","10"
via,"12","109","114"
vibora,"7","65","48"
vicedtools,"0","29","23"
vid2vid,"40","33","4"
videogrep,"0","15","7"
vidya.cafe,"1","153","323"
viewpointdiversity,"0","74","9"
vineperf,"26","60","78"
vipy,"28","941","23"
ViScreen,"3204","6623","2856"
visdom,"2","26","48"
visidata,"121","403","154"
Vision_Inspection,"1","6","5"
vit-pytorch,"2","40","3"
vivi,"225","463","650"
VividSupporter,"133","80","22"
Vnode,"2","6","7"
voicefixer,"6","13","3"
volatility,"85","1503","232"
Voting-App,"1616","2559","2343"
vyos-1x,"6","177","49"
WADDA-server,"0","0","1"
wagtail,"413","850","408"
wagtail-embedvideos,"2","1","4"
wagtail-fork,"170","314","129"
wasabi,"55","28","82"
watchdog,"25","72","76"
weather_forecast_monitor,"0","2","6"
webapp,"0","3","4"
WebDriver--Python,"193","239","343"
WebService,"0","1","1"
weekday-assignment,"0","0","7"
weevely3,"23","72","33"
weibospider,"1","6","56"
werkzeug,"92","203","174"
WeVoteServer,"258","28","464"
wfuzz,"9","115","109"
widgetastic.core,"46","60","92"
Wikipedia,"22","14","18"
wikipedia_scraper,"1107","1453","1203"
wildfire-simulation,"0","7","7"
window-services,"0","0","3"
WireViz,"0","23","11"
work,"0","1","6"
workouttracker,"0","23","11"
wtforms,"39","36","17"
wukong-robot,"0","19","2"
wwvb-observatory,"0","0","2"
xclim,"63","126","135"
xdem,"14","71","28"
xformers,"1","109","72"
xlcompose,"18","34","11"
XMARTY_MUSIC_2,"0","0","5"
xonsh,"309","605","394"
xpand-locust,"1","0","3"
xtable,"1","34","4"
xunfeng,"2","1","2"
YandexProjectVersion2,"622","1067","796"
yangmao,"1","1","1"
yapf,"17","38","68"
yeelight-adapter-python,"14","17","27"
yfinance,"0","4","23"
ymcaBot,"6","0","4"
yolov3,"21","76","10"
yolov5,"32","92","13"
yolov5-6,"32","111","13"
yolov5-vcam-stream,"21","81","11"
YOLOX,"21","76","18"
yondaime-hokage,"9","63","29"
youtube-dl,"41","736","207"
youtube-dl-gui,"2","15","5"
YouTube-GUI,"0","11","8"
youtube-search-python,"0","0","13"
yowsup,"8","95","322"
yt-concate,"0","0","1"
yt-dlc,"46","660","200"
yt-dlp,"57","1060","299"
ytdl-patched,"65","1102","317"
ytdlp-plugins,"10","16","3"
Zaid-Vc,"0","0","5"
Zaid-Vc-Player,"0","0","5"
Zappa,"18","39","34"
ZA_FullAnalysis,"28","480","9"
ZED-Mp3-Player,"572","868","636"
zerochan,"1","0","4"
zoia_lib,"1","33","19"
ZSpotifyGUI,"0","20","14"
zyxxyPrivateRepository,"6","158","15"
_Pitch_Hub,"0","0","7"
